Open,High,Low,Close,Candlestick
115.01,116.43,114.46,115.35,Doji
110.77,111.81,108.42,110.63,Doji
110.89,111.43,109.68,111,Doji
112.75,113.58,111.84,112.75,Doji
113.79,114.61,111.25,113.19,Spinning Top
111.61,113.18,109.27,110.71,Spinning Top
106.43,107.47,105.69,106.82,Spinning Top
103.76,105.49,102.9,104.34,Spinning Top
93.31,95.39,90.87,94.29,Spinning Top
92.37,93.36,91.16,92.5,Doji
97.56,98.4,95.58,96.82,Spinning Top
91.9,94.45,90.21,93,Spinning Top
87.28,89.35,86.33,87.44,Doji
88.57,89.62,87.33,88.3,Doji
93.6,94.21,91.05,93.52,Doji
95.86,97.18,94.07,95.31,Spinning Top
107.94,110,107.28,108.06,Doji
106.43,109.6,105.86,106.46,Doji
106.62,108.75,105.35,105.99,Spinning Top
125.39,126.43,123.33,125.25,Doji
124.06,125.49,122.8,123.46,Spinning Top
124.73,127.82,123.72,125.21,Spinning Top
127.85,128.48,125.61,127.72,Doji
132.09,133.83,131.15,132.7,Spinning Top
125.02,127.28,123.32,124.93,Doji
135.23,138.19,132.09,136.49,Spinning Top
137.37,138.32,136.13,137.5,Doji
137.28,138.46,135.4,136.49,Spinning Top
144.36,146.34,143.73,144.43,Doji
146.25,169.74,144.05,146.29,Doji
145.28,146.89,142.94,145.43,Doji
149.45,150.1,147.85,149.57,Doji
148.13,149.43,144.93,148.08,Doji
153.04,154.32,145.31,153.21,Doji
159.46,162.84,157.81,158.71,Spinning Top
151.11,152.37,148.62,151.62,Doji
152.85,153.78,150.5,152.2,Doji
142.47,145.65,137.85,143.34,Spinning Top
138.89,141.91,133.98,137.64,Spinning Top
151.91,152.95,150.21,152.09,Doji
173.61,175.08,170.81,173.06,Spinning Top
177.85,183.23,174.55,179.74,Spinning Top
180.21,184.8,175.59,181.49,Spinning Top
201.44,205.22,196.35,199.71,Spinning Top
212.29,219.78,208.99,211.24,Doji
212.39,216.07,205.31,209.35,Spinning Top
211.35,219.75,205.8,213.5,Spinning Top
214.65,219.27,208.53,216.47,Spinning Top
217.79,221.63,212.89,219.6,Spinning Top
216.54,222.07,213.42,215.02,Spinning Top
214.91,218.41,212.32,213.98,Spinning Top
217.2,220.69,215.5,217.24,Doji
219.84,221.34,217.76,219.35,Doji
219.56,221.24,217.2,218.41,Spinning Top
226.45,229.92,224.46,226.02,Doji
228.79,231.89,225.5,229.82,Spinning Top
229.84,231.96,227.86,228.89,Spinning Top
232.01,233.62,228.9,230.95,Spinning Top
227.39,228.24,224.21,227.09,Doji
214.46,218.24,211.35,212.97,Spinning Top
219.34,221.54,216.1,220.29,Spinning Top
223.61,227.29,222.68,224.33,Spinning Top
224.56,225.97,222.31,224.89,Doji
226.32,229.09,222.76,226.72,Doji
231.16,236.54,230.33,231.59,Doji
230.66,231.63,224.46,229.73,Spinning Top
233.87,239.31,230.31,232.4,Spinning Top
225.5,228.99,219.39,222.89,Spinning Top
222.72,226.42,217.01,221.08,Spinning Top
229.9,233.9,220,231.34,Doji
215.5,224.77,213.6,216.74,Doji
227.88,229.4,224.65,226.48,Spinning Top
223.21,225.86,218.04,221.02,Spinning Top
213,215.5,210.05,212.45,Doji
186.1,189.2,181.3,184.88,Spinning Top
170,174,168,171.29,Spinning Top
162.3,167.94,158.71,160.51,Spinning Top
160.5,164.37,158.2,162.32,Spinning Top
169,172.2,164.84,167.43,Spinning Top
166.4,169,163.01,167.57,Spinning Top
173.5,175.3,172.5,173.24,Doji
166.5,168,161.6,166.27,Doji
167,169.2,165.13,166.78,Doji
130,130.8,126,129.46,Doji
128.28,129.68,125.04,127.9,Doji
133.8,136,132.24,133.52,Doji
133.49,136.48,131.6,132.65,Spinning Top
120.98,124.97,118.75,122.36,Spinning Top
107.9,113.37,104.03,110.04,Spinning Top
123.5,126.5,121.2,123.78,Doji
149.87,154.7,147.9,151.05,Spinning Top
155.35,158.8,152.24,155.34,Doji
143,145.89,141.21,144.24,Spinning Top
145.4,147.8,143,144.35,Spinning Top
134.31,136.28,130.9,134.41,Doji
131.04,134.2,130.05,130.93,Doji
151.15,153.72,147,151.99,Spinning Top
148.88,150.24,140.6,149.01,Doji
158,159.49,154.8,156.69,Spinning Top
151.5,153.8,148.4,151.8,Doji
148.48,152.5,141.5,150.45,Spinning Top
155.26,158.98,150.3,152.84,Spinning Top
142,151,136.82,143.56,Spinning Top
117,118.9,112.1,116.79,Doji
117,120,115.3,116.88,Doji
119.1,122.2,116.51,119.89,Spinning Top
128,132.4,126.76,128.74,Spinning Top
127.8,132.29,126.5,127.29,Doji
126.2,128,125,126.42,Doji
122,125.17,117.64,122.11,Doji
110,111.96,108.61,109.68,Doji
117.37,118.39,114.3,116.41,Spinning Top
115.7,116.5,110.71,115.89,Doji
104.78,105.64,103.5,104.4,Doji
102.34,103.6,100.62,102.53,Doji
95.66,96.85,94.5,95.47,Doji
103.5,108.5,102.5,103.22,Doji
107.61,108.47,102.33,107.75,Doji
115.02,116.2,111.33,114.03,Spinning Top
129.9,135.5,127.67,130.48,Doji
131,134.2,127.51,129.46,Spinning Top
128.9,133,126.5,127.82,Spinning Top
129.12,129.12,129.12,129.12,Doji
170.6,176.05,167,168.95,Spinning Top
188,194.1,181.88,190.69,Spinning Top
176.4,179.99,174.01,175.68,Doji
162.9,167.4,161,164.19,Spinning Top
169.78,172.87,165.9,170.33,Doji
171.53,174.5,167.71,172.46,Spinning Top
175.49,178,173.55,176.51,Spinning Top
153.5,157.4,151.06,154.65,Spinning Top
172.2,174,168,171.15,Spinning Top
171,172.8,169.5,171.13,Doji
165.2,167.99,162.13,165.68,Doji
187,188.8,183.63,185.74,Spinning Top
185.51,187.37,183.02,184.35,Spinning Top
170.91,171.99,167.13,170.27,Doji
180.5,181.49,178.1,180.07,Doji
179,181.5,177.89,179.02,Doji
174,176.9,172.2,175.38,Spinning Top
173.1,175,171.5,173.44,Doji
174.9,175.69,173.72,174.7,Doji
189,190.77,187.1,189.48,Spinning Top
189.95,194.77,187.63,192.05,Spinning Top
211,214.27,208.35,210.18,Spinning Top
219.15,223.5,217.03,221.07,Spinning Top
215.94,216.74,209.93,215.87,Doji
211.5,213.46,209.66,211.6,Doji
218.3,218.3,218.3,218.3,Doji
246,249.9,244.66,247.09,Spinning Top
221.87,223.25,211.66,221.29,Doji
222.16,226.9,214.3,224.29,Spinning Top
230.98,235.17,230.16,230.9,Doji
233.5,234.98,230.63,232.18,Spinning Top
231.46,232.96,227.88,230.73,Spinning Top
229.77,231.9,227.6,229.39,Doji
229,231.2,227.1,229.7,Spinning Top
215.21,218.1,213.1,214.54,Spinning Top
214.9,216.69,213.51,214.57,Doji
222.51,223.75,220.79,222.01,Spinning Top
222.2,223.79,221.23,222.43,Doji
229.7,231.5,228.5,230.58,Spinning Top
216.98,218.7,215.7,217.31,Doji
192,193.5,191.01,191.63,Doji
191.49,193.45,190.66,191.19,Doji
199.05,201.1,197.42,198.66,Doji
202.3,204.47,201.2,203.27,Spinning Top
204.5,205.9,202.11,204.72,Doji
206,211.25,203.31,206.6,Spinning Top
204,205.28,201.83,204.57,Spinning Top
201.71,202.5,199.76,201.59,Doji
203,205.05,201.05,202.96,Doji
204.2,205.66,201.86,204.85,Spinning Top
204.46,206.16,202.52,204.96,Spinning Top
210,212.5,209.35,210.61,Spinning Top
209.7,211.2,206.3,209.4,Doji
205,205.49,202.52,204.77,Doji
211,211.9,208.66,210.58,Doji
229,230.5,227.71,229.71,Spinning Top
217.18,218.6,215.16,217.36,Doji
224.4,225.88,220.32,223.94,Doji
228.8,233.15,226.86,228.38,Doji
228.5,230.9,225.8,227.25,Spinning Top
234.5,235.99,232.6,234.5,Doji
235,235.8,232.85,234.96,Doji
235,236.6,233.8,235.76,Spinning Top
226.5,227.99,225.74,226.51,Doji
226.51,229.4,225.35,227.25,Spinning Top
230.9,231.9,229.1,230.41,Spinning Top
236.5,237.85,236.01,236.89,Doji
244.5,246.48,242.81,244.9,Spinning Top
245.52,246.49,244.02,244.9,Spinning Top
259.89,261.67,257.9,260.05,Doji
281.51,282.48,278.27,280.57,Spinning Top
280.67,283.05,278.64,280,Spinning Top
277.5,278.63,273.73,277.65,Doji
310,312.37,307.5,310.89,Spinning Top
313.51,316,312.33,314.14,Doji
317.9,320.99,316.33,319.07,Spinning Top
325.5,327.51,323.72,324.8,Spinning Top
325.8,327.35,324.52,326.5,Spinning Top
318.5,320.94,313.29,316.77,Spinning Top
310.5,313.39,307.6,309.43,Spinning Top
320,322.2,317.1,320.62,Doji
317.94,321.38,315.67,318.79,Spinning Top
319.8,323.6,316.51,318.83,Spinning Top
319.5,321.8,316.82,319.85,Doji
319.9,324,317.67,320.18,Doji
283.11,290.97,279.17,286.27,Spinning Top
287.21,290.11,284.1,287.98,Doji
274.55,278,269.5,274.48,Doji
274.8,278.8,273,274.49,Doji
275.5,276.79,273.51,274.63,Spinning Top
274.6,276.9,273,275.54,Spinning Top
275.1,278.05,274.18,274.96,Doji
261.79,264.2,256.71,260.1,Spinning Top
250.4,253.5,249,251.62,Spinning Top
264.8,269.5,263,264.58,Doji
265.97,268.78,263.45,266.35,Doji
278.26,281.48,273.96,276.11,Spinning Top
269,271.92,265.56,268.25,Doji
270.8,272.8,269.3,270.46,Doji
256,258.45,252.04,256.25,Doji
262.5,267,260.87,261.75,Spinning Top
264.8,266.57,263.21,265.08,Doji
279.88,282.4,277.52,279.73,Doji
279.4,283.5,277.5,281.29,Spinning Top
277.97,279.8,276.25,278.42,Doji
281.8,284.9,279.5,280.82,Spinning Top
292.45,294.96,288.54,293.38,Spinning Top
259.19,264.39,256.25,261.58,Spinning Top
261.5,264.29,258.7,260.24,Spinning Top
262.06,263.9,260.9,262.7,Doji
264.44,268,261.51,264.96,Doji
218.47,221.27,216.74,218.83,Doji
224.19,225.4,221.5,223.73,Doji
231.34,233.67,230.51,232.01,Spinning Top
223.1,224.65,222.07,223.02,Doji
241.85,242.95,238.4,242.03,Doji
248.13,251.5,245.79,247.85,Doji
240.4,242.5,238.43,240.01,Doji
247.34,248.38,245.35,247.68,Doji
227.5,228.69,225.4,227.21,Doji
197.47,198.38,192.26,197.38,Doji
199.1,202.1,196.01,199.35,Doji
183.8,185.36,180.85,182.68,Spinning Top
195.21,197.1,192.18,195.13,Doji
195.6,196.18,191.16,195.24,Doji
186.99,188.56,183.8,186.65,Doji
196.45,198.09,195.3,196.62,Doji
176.37,179.88,174.65,175.74,Spinning Top
168.14,170.9,166.53,168.95,Spinning Top
165.6,166.84,162.9,165.39,Doji
174.97,179.5,172.8,176.24,Spinning Top
178.4,183.99,177.1,178.51,Doji
161.49,163.5,159.54,162.35,Spinning Top
162.9,163.6,161.14,162.76,Doji
169.6,171.85,168.01,169.24,Doji
167.5,170.76,165.8,167.27,Doji
177.68,179.99,177,177.61,Doji
188,191.24,187.51,188.43,Doji
193.19,196.71,192.1,194.05,Spinning Top
205.52,208.6,203.99,205.8,Doji
218.8,220.9,215.01,217.19,Spinning Top
226.5,228.7,222.3,224.76,Spinning Top
222.64,228.2,218.6,224.67,Spinning Top
215.1,226.3,211.49,214.79,Doji
213.5,216.38,210.6,214.15,Doji
230.54,232.46,228.1,231.08,Doji
217.6,220.48,212.72,216.68,Spinning Top
215,217.9,213.66,216.26,Spinning Top
229.7,234.97,222.11,230.43,Spinning Top
226.5,228.74,223.82,226.04,Doji
219.51,221.56,217.51,219.07,Doji
218.92,220.7,213.07,217.18,Spinning Top
214.5,216.89,212.54,214.06,Doji
183.9,188.48,182.1,185.36,Spinning Top
186.1,189.56,181.35,183.98,Spinning Top
183.4,184.48,180.23,182.77,Doji
211.5,214.99,210.47,212.01,Doji
210.15,211.8,208.2,209.82,Doji
221,224.4,218.6,222.6,Spinning Top
208.79,211.63,205.6,210.07,Spinning Top
211.37,212.69,209.66,211.71,Doji
214.7,218.45,212.85,215.78,Spinning Top
211.3,213.18,209.61,211.31,Doji
219.5,220.4,217.71,218.74,Spinning Top
221.5,225.26,221.01,221.87,Spinning Top
209.5,211.48,208.04,209.5,Doji
191.1,192.99,189.8,191.04,Doji
189.5,191.72,188.24,189.71,Doji
191.4,192.99,190.01,191.18,Doji
184.23,185.95,183.02,184.42,Doji
183.9,186.49,182.87,183.74,Doji
185,186.5,184.25,185.07,Doji
188.8,190.2,188.26,189.21,Spinning Top
221.32,224.5,217.2,219.65,Spinning Top
224,226.49,223.02,224.73,Spinning Top
235,236.26,201.03,233.95,Spinning Top
229.39,230.6,225.73,228.26,Spinning Top
217.29,220.45,215.68,216.77,Doji
211.2,212.46,209.85,211.55,Doji
214.29,215.38,212.82,214.48,Doji
215.2,218.2,213.84,215.37,Doji
209.65,210.96,208,209.19,Doji
212.82,214.2,210.57,213.18,Doji
231.64,233.96,230.01,231.62,Doji
232.24,232.68,230.11,232.02,Doji
236.85,239.88,234.26,238.13,Spinning Top
245,246.4,243.82,245.05,Doji
253.99,255.17,252.25,253.91,Doji
249.1,251.99,247.52,249.98,Spinning Top
249.5,251.14,249.01,249.95,Doji
247.1,249.21,245.21,248.04,Spinning Top
243.6,245.66,241.62,243.8,Doji
228.99,231.19,227.74,229.43,Doji
230.1,230.76,227.88,229.64,Doji
226.88,228,223.7,227.35,Doji
221.24,223.26,219.7,221.34,Doji
208.7,210.9,206.6,208.76,Doji
216.23,217.2,214.51,216.62,Doji
220.94,222.1,219.37,220.47,Doji
220.7,222.8,218.31,220.68,Doji
226.4,227.38,223.75,226.2,Doji
212.6,215.9,208.02,211.95,Spinning Top
205,206.79,202.71,205.03,Doji
208.5,209.79,206.65,209.06,Doji
206.76,208.4,204.2,205.67,Spinning Top
226,227.3,223.15,225.47,Doji
228.99,232.3,228.38,229.36,Doji
242.04,243.48,238.8,242.49,Doji
238,240.22,234.55,236.3,Spinning Top
202.6,204.44,201.2,203.18,Doji
200.5,202.6,198.2,199.75,Spinning Top
204.4,205.21,202.87,204.58,Doji
199.4,200.88,196.63,198.91,Spinning Top
190.2,192.35,187.26,189.99,Doji
191.1,192.8,190,191.13,Doji
179.4,181.6,178.91,179.82,Spinning Top
168.8,170.9,166.5,168.06,Spinning Top
168.8,169.4,165.56,168.23,Spinning Top
162.4,164.34,160.8,162.44,Doji
156.65,158.68,154.21,155.91,Spinning Top
150,151.2,145.27,149.79,Doji
163.8,164.8,159.69,163.46,Doji
168.52,169.76,166.43,167.61,Spinning Top
161.38,162.8,159.66,161.49,Doji
165,167.8,163,165.07,Doji
165,167.19,163.1,165.28,Doji
162.57,163.48,160,162.13,Doji
166.71,169.5,166.2,167.15,Doji
167,169.19,166,167.52,Spinning Top
171.8,174.49,170.76,171.83,Doji
171.5,173.97,170,172.1,Spinning Top
187.23,190.79,184.02,187.6,Doji
174.9,176.8,173,174.43,Doji
172.3,174.09,170.57,172.31,Doji
182.7,185.35,181.24,182.21,Spinning Top
181.49,182.98,180.52,181.35,Doji
186,188.26,184.62,185.6,Doji
175.91,177.2,175.2,175.93,Doji
175.3,177.17,174.7,175.35,Doji
172.7,173.6,171.1,171.96,Spinning Top
165.39,167.27,164.62,165.95,Spinning Top
159.79,160.4,158.3,159.45,Spinning Top
160.3,162.8,157.82,159.63,Spinning Top
153.05,153.9,151.3,152.38,Spinning Top
151.89,152.99,150.11,152.17,Doji
152.71,154,151.8,153.25,Spinning Top
147,148.49,146.32,147.36,Doji
152.92,153.94,151.8,153.32,Spinning Top
165,169.6,164.29,165.21,Doji
171,171.95,169.65,170.88,Doji
169.8,171.18,168.9,170.21,Doji
191.5,193.88,188.52,191.77,Doji
189.9,191.23,187.01,190.28,Doji
196.6,199.46,195.01,195.94,Spinning Top
206.52,206.52,206.52,206.52,Doji
206.99,210.78,205.39,207.86,Spinning Top
208.65,210.4,207.13,209.18,Spinning Top
228,232.4,226.04,227.61,Doji
228.2,231.59,226.73,228.26,Doji
260.29,264.26,258,260.14,Doji
266.61,268.8,262.14,264.52,Spinning Top
268.45,272.3,267.1,269.79,Spinning Top
273.5,275.47,271.54,273.98,Doji
268.3,273.38,266.4,269.73,Spinning Top
269.71,271,267.01,270.13,Doji
264,268.43,260.67,264.15,Doji
258.4,262.45,256.7,260.02,Spinning Top
270.01,272.9,269.23,270.23,Doji
270,272.05,267.73,269.62,Doji
270.1,271.47,266.01,269.81,Doji
259,261.49,254.55,258.23,Spinning Top
242,244.09,236.64,241.1,Spinning Top
252.8,254.9,250.35,252.42,Doji
254.2,257.3,251.7,254.04,Doji
254.9,257.1,253.01,255.71,Spinning Top
247.65,248.4,244.15,247.39,Doji
241.2,244.54,239,241.79,Spinning Top
242,243.89,240.2,242.91,Spinning Top
249.99,250.9,246.52,249.6,Doji
251.01,253.52,247.4,250.5,Doji
251.71,253.4,250.4,252.2,Doji
256.7,258.99,255.2,256.73,Doji
254.9,256.29,252.56,254.99,Doji
261.38,264.39,259.45,262.33,Spinning Top
245.1,247.8,242.6,244.97,Doji
243.6,247.6,242.03,244.57,Spinning Top
245.48,249.32,243.32,245.12,Doji
252.35,252.35,252.35,252.35,Doji
257.7,259.38,255.27,256.95,Spinning Top
258,260.7,256.96,258.42,Doji
259.2,261.99,258.1,259.78,Spinning Top
274.79,276.25,270.5,274.04,Spinning Top
275.3,277.15,273.55,274.61,Spinning Top
295.7,297.9,292.41,294.58,Spinning Top
307,308.5,303.85,305.85,Spinning Top
318.9,322.8,311.55,318.7,Doji
313.6,318.55,310.45,314.05,Doji
313.65,316.9,309,311.35,Spinning Top
300,302.55,295.15,300.15,Doji
305,306.5,302.35,304.85,Doji
304,307,302.25,304.7,Spinning Top
319.9,323.7,314,320.3,Doji
328.25,332.55,324.65,327.45,Spinning Top
329.4,332.15,322.6,330.05,Doji
309.5,311.9,305.1,307.5,Spinning Top
291,294.85,285.7,290.3,Doji
301.9,306.5,297.05,302.3,Doji
296.9,299,292.1,296.25,Doji
303.5,305.4,299.7,302.6,Spinning Top
294.75,296.25,289.75,293.8,Doji
292,294,288.7,290.65,Spinning Top
281.5,283.85,280,281.65,Doji
291,294.9,289.2,291.75,Spinning Top
287.4,292,281.75,289.2,Spinning Top
272.25,273.4,269.55,271.9,Doji
270.1,273.45,266.7,269.75,Doji
289.2,291.35,286.2,288.45,Doji
278.65,281.65,277.1,278.15,Doji
257,262,255.6,257.8,Doji
254.05,255.5,251.8,253.95,Doji
259.9,263.1,258.15,260.15,Doji
264.1,266.9,261.05,265.2,Spinning Top
258.75,260.8,255,259.65,Spinning Top
267.9,271.25,266.1,267.85,Doji
268.75,271.7,267.15,268.05,Spinning Top
282.05,286,280.1,282.75,Doji
259.75,262.85,258.15,259.3,Doji
249,251.35,245,247.35,Spinning Top
232.65,235.4,231,232.25,Doji
227.35,229.8,224.1,227.45,Doji
230.9,233.3,228,230.1,Spinning Top
236.4,237.75,235,236.8,Doji
239.45,241.45,238.05,239.05,Doji
242.45,245.2,241.1,243.3,Spinning Top
245.5,247.8,240.65,243.45,Spinning Top
244.1,245.65,241.3,244.55,Doji
244,247.5,242.05,243.8,Doji
254.5,257.1,253.2,254.85,Doji
253,254.85,252,253.4,Doji
238.7,240.4,235.1,237.05,Spinning Top
239.2,240.5,237,239,Doji
243.05,245,241.4,243.9,Spinning Top
243.9,245.25,240.55,242.7,Spinning Top
241.95,244.9,241,242.5,Doji
249.65,253,245,248.65,Spinning Top
250.85,251.9,249.3,250.2,Spinning Top
227.75,229.6,225.25,227.3,Doji
230,232.4,228.5,230.9,Spinning Top
230.25,231,228.9,229.65,Spinning Top
229.05,229.95,228,228.9,Doji
228.85,229.95,227.5,228.2,Spinning Top
201.35,202.4,194,200.9,Doji
197,201.5,194.3,196.05,Spinning Top
177,178.65,172.05,175.6,Spinning Top
184.4,186.2,181.05,184.4,Doji
168,172.4,166.1,167.05,Spinning Top
156.15,157.65,148.25,154.8,Spinning Top
155.5,158.7,152.55,155.9,Doji
158.2,163.9,153,158.75,Doji
180,182.65,177.55,180.1,Doji
182.45,183.4,180.7,181.75,Doji
185,185.9,181.6,185.2,Doji
196.8,198.25,194.5,197.5,Spinning Top
196.9,197.6,195.3,196.6,Doji
188.5,191.25,186.65,189.5,Spinning Top
188.5,190.25,186.3,187.8,Spinning Top
191.55,193.8,190.8,191.9,Doji
180.25,182.7,178.5,180.35,Doji
185.4,188.5,184.1,185,Doji
168.8,170.4,166.4,169.5,Spinning Top
200.2,203.9,194.6,198.85,Spinning Top
210.15,211.9,207.55,210.7,Doji
210,212.8,208.3,209.95,Doji
201.5,202.6,200.2,201.8,Doji
216,218.5,213.05,216,Doji
214,215.25,211.45,212.9,Spinning Top
217.9,218.8,216.1,217.2,Spinning Top
223.25,225.15,221.55,223.5,Doji
227,228.5,223.95,227.7,Spinning Top
230,232.15,227,229.6,Doji
230.65,232.75,229.2,231.15,Spinning Top
230,232.7,228.4,229.4,Spinning Top
233.95,235.9,231.7,233.25,Spinning Top
234.25,238,232.65,235.15,Spinning Top
246.45,249.8,244.3,246.25,Doji
254.9,255.8,251,254.75,Doji
254.95,256.2,253.5,254.4,Doji
253.25,255.8,251.2,252.5,Spinning Top
251.95,254.85,251.15,252,Doji
268,271.6,266.9,268.35,Doji
262,264.9,259.55,260.85,Spinning Top
251,253.55,249.1,252.1,Spinning Top
253.75,256.45,252,253.2,Doji
260.4,264.85,256.8,258.75,Spinning Top
275.15,283.45,270.7,278.2,Spinning Top
278,282.2,275.6,277.45,Doji
253.45,257.75,248,253.55,Doji
253.95,261.4,253,254.1,Doji
258.5,260.15,256.35,259.1,Doji
256.1,258,254.1,255.35,Spinning Top
249.75,251.8,247.8,249.15,Spinning Top
247.65,248.85,245.5,247.65,Doji
244,246.4,241.1,244.9,Spinning Top
247.7,249,246.4,248.3,Spinning Top
255.1,257,254,254.9,Doji
271.85,275,268.7,273.3,Spinning Top
277.85,280,276.3,277.9,Doji
278.1,279.25,272.6,277.2,Spinning Top
269.9,271.55,268,269.65,Doji
270,271.5,268.65,270.7,Spinning Top
271.9,274.7,269.5,272.3,Doji
268.9,271.25,268,269.2,Doji
274.4,277.05,270.15,272.35,Spinning Top
292,295,288.5,293.4,Spinning Top
291.1,292.75,288.5,289.9,Spinning Top
291.05,296.9,288.4,290.3,Spinning Top
283.9,286.9,282.2,284.8,Spinning Top
287.1,289.5,283.35,286.45,Spinning Top
289.4,293.2,285.8,289.8,Doji
308,308.8,305.5,307.65,Doji
289,291.5,287.2,288.3,Doji
287.95,291.4,284.6,287.45,Doji
288.3,289.4,285.8,288.55,Doji
283.85,285.8,281.35,284,Doji
280.6,282.4,279.2,280.1,Doji
288.9,290,286.55,288.75,Doji
292.8,294.1,289.65,293,Doji
291.85,296.4,290,291,Spinning Top
291.05,292.2,288.25,290.65,Doji
296,297.3,294.65,296.1,Doji
296.25,299.65,295.25,295.8,Spinning Top
302.75,307.45,300.1,302.3,Doji
279.7,281.45,277.5,280.3,Doji
276.85,279.5,274.2,277.75,Spinning Top
277.65,280.4,276.6,277.85,Doji
273.4,275.6,272.3,274.2,Spinning Top
270.75,274.5,269.9,271.5,Spinning Top
258.5,259.65,256,258.25,Doji
256.8,258.6,254.25,256.85,Doji
256.85,258.2,255.7,256.95,Doji
252,252.95,248.5,251.2,Spinning Top
243.8,245.25,241.15,242.75,Spinning Top
312,322.35,310.6,312,Doji
313.15,318,308.2,313.7,Doji
330.35,334.7,327.5,329.1,Doji
314.7,315.95,311.15,313.6,Spinning Top
317.75,320.5,314.65,318.45,Doji
314.3,315.4,309.5,314,Doji
319.45,322.25,318.4,319.8,Doji
316.6,318.2,315.4,316.75,Doji
316.5,320.3,313.05,314.85,Spinning Top
310,312,309.05,309.9,Doji
313,316.6,307.85,313.25,Doji
297,300.6,295,296.4,Doji
288.25,292.4,285.15,288.75,Doji
269,274.2,264.8,269.65,Doji
249.55,252.8,248.25,250.5,Spinning Top
259.65,261.45,254.85,259.7,Doji
260.65,262.75,257.6,260.65,Doji
249.35,251.3,247.1,249,Doji
247.1,248.45,245.2,246.15,Spinning Top
241.9,244.85,239.3,242.45,Spinning Top
240.95,243.4,238.75,241.9,Spinning Top
248,252.6,244.6,250.05,Spinning Top
248.25,250.2,246.3,247.95,Doji
245.5,248.7,240.6,243.1,Spinning Top
244.2,246,241.15,242.7,Spinning Top
243.55,245.75,240.3,244.45,Spinning Top
266.85,274.8,263.15,269.55,Spinning Top
278,279.75,275.45,276.85,Spinning Top
273.2,274.75,271.1,273.3,Doji
267.25,271.2,265.4,267.4,Doji
258.95,261.75,254,258.85,Doji
263.85,265.75,262.4,263.75,Doji
260.1,262.5,256.15,259.55,Spinning Top
113.03,113.03,105.2,105.64,Marubozu
148.89,149.08,145.82,146.32,Marubozu
217.8,230.4,217.32,229.57,Marubozu
169,175.38,169,174.85,Marubozu
153.3,160.5,153.3,159.79,Marubozu
157.79,157.79,145.2,145.52,Marubozu
133.6,140.98,133.6,140.38,Marubozu
150.9,150.9,142.71,143.49,Marubozu
138,138,126.2,127.25,Marubozu
130.97,130.97,121.4,122.24,Marubozu
110.5,117.5,109.8,116.89,Marubozu
119.5,124.5,119.5,123.88,Marubozu
92.28,95.57,92.28,95.31,Marubozu
95.59,99.1,95.44,98.71,Marubozu
171.01,179.97,171.01,179.29,Marubozu
189.5,189.8,181,181.76,Marubozu
247,247,238,238.61,Marubozu
221.5,232.5,221,231.82,Marubozu
224.6,229.8,224.31,229.16,Marubozu
214.8,214.8,201.55,202.13,Marubozu
198.91,202.59,198.91,202.24,Marubozu
223,227.45,223,226.88,Marubozu
323.4,323.4,317.4,318.08,Marubozu
276.5,276.5,272.5,272.85,Marubozu
267.4,267.4,255.49,256.07,Marubozu
225.2,230.42,224.81,229.79,Marubozu
246.98,251.7,246.6,251.26,Marubozu
188.79,192.35,188.6,191.84,Marubozu
189.2,194,188.67,193.51,Marubozu
190.5,194,190.35,193.48,Marubozu
164.4,171,164.3,170.57,Marubozu
223,223.7,215,215.76,Marubozu
203.5,204,193.11,193.88,Marubozu
201.9,210.7,201.7,210.13,Marubozu
219.01,222.99,219.01,222.48,Marubozu
231,234.9,230.43,234.57,Marubozu
234.05,234.05,226.13,226.95,Marubozu
225.8,226.38,221.85,222.35,Marubozu
213.1,217.75,213.1,217.32,Marubozu
212.49,212.51,205.29,205.82,Marubozu
174.15,181.16,174.01,180.66,Marubozu
148.5,150.5,148.5,150.21,Marubozu
196.71,202.2,196.27,201.73,Marubozu
252.8,253,245.2,245.93,Marubozu
242.71,252.49,242.71,251.76,Marubozu
318.6,318.6,312.3,312.9,Marubozu
311.55,312,303.5,304.15,Marubozu
271.9,272.1,265,265.4,Marubozu
277,277,271.35,272.05,Marubozu
263.2,263.4,258.05,258.45,Marubozu
252.5,253.3,245,245.7,Marubozu
242.65,243,230.1,230.55,Marubozu
241.2,241.9,234.4,235.15,Marubozu
241.5,241.8,236.45,236.95,Marubozu
181.95,181.95,172.1,172.75,Marubozu
170.75,170.75,155.65,156.4,Marubozu
157.9,165.3,157.1,164.7,Marubozu
165,165,158,158.5,Marubozu
157.6,158.1,151,151.8,Marubozu
193,197.3,193,196.8,Marubozu
172.3,172.7,168.2,168.4,Marubozu
213,218,212.75,217.55,Marubozu
236.75,236.9,231.05,231.5,Marubozu
258,258,254.85,255.4,Marubozu
284,284.8,276.15,277.2,Marubozu
266,266.25,262.3,262.9,Marubozu
305.8,311.8,305.15,311.2,Marubozu
316.9,317.4,305,306.05,Marubozu
280,280,273.85,274.45,Marubozu
255.05,255.35,246.05,246.65,Marubozu
263,263,256.3,257.05,Marubozu
260.5,268,259.95,267.15,Marubozu
274.75,274.75,268.1,268.65,Marubozu
113.13,113.13,105.3,105.74,Marubozu
148.99,149.18,145.92,146.42,Marubozu
217.9,230.5,217.42,229.67,Marubozu
169.1,175.48,169.1,174.95,Marubozu
153.4,160.6,153.4,159.89,Marubozu
157.89,157.89,145.3,145.62,Marubozu
133.7,141.08,133.7,140.48,Marubozu
151,151,142.81,143.59,Marubozu
138.1,138.1,126.3,127.35,Marubozu
131.07,131.07,121.5,122.34,Marubozu
110.6,117.6,109.9,116.99,Marubozu
119.6,124.6,119.6,123.98,Marubozu
92.38,95.67,92.38,95.41,Marubozu
95.69,99.2,95.54,98.81,Marubozu
171.11,180.07,171.11,179.39,Marubozu
189.6,189.9,181.1,181.86,Marubozu
247.1,247.1,238.1,238.71,Marubozu
221.6,232.6,221.1,231.92,Marubozu
224.7,229.9,224.41,229.26,Marubozu
214.9,214.9,201.65,202.23,Marubozu
199.01,202.69,199.01,202.34,Marubozu
223.1,227.55,223.1,226.98,Marubozu
323.5,323.5,317.5,318.18,Marubozu
276.6,276.6,272.6,272.95,Marubozu
267.5,267.5,255.59,256.17,Marubozu
225.3,230.52,224.91,229.89,Marubozu
247.08,251.8,246.7,251.36,Marubozu
188.89,192.45,188.7,191.94,Marubozu
189.3,194.1,188.77,193.61,Marubozu
190.6,194.1,190.45,193.58,Marubozu
164.5,171.1,164.4,170.67,Marubozu
223.1,223.8,215.1,215.86,Marubozu
203.6,204.1,193.21,193.98,Marubozu
202,210.8,201.8,210.23,Marubozu
219.11,223.09,219.11,222.58,Marubozu
231.1,235,230.53,234.67,Marubozu
234.15,234.15,226.23,227.05,Marubozu
225.9,226.48,221.95,222.45,Marubozu
213.2,217.85,213.2,217.42,Marubozu
212.59,212.61,205.39,205.92,Marubozu
174.25,181.26,174.11,180.76,Marubozu
148.6,150.6,148.6,150.31,Marubozu
196.81,202.3,196.37,201.83,Marubozu
252.9,253.1,245.3,246.03,Marubozu
242.81,252.59,242.81,251.86,Marubozu
318.7,318.7,312.4,313,Marubozu
311.65,312.1,303.6,304.25,Marubozu
272,272.2,265.1,265.5,Marubozu
277.1,277.1,271.45,272.15,Marubozu
263.3,263.5,258.15,258.55,Marubozu
252.6,253.4,245.1,245.8,Marubozu
242.75,243.1,230.2,230.65,Marubozu
241.3,242,234.5,235.25,Marubozu
241.6,241.9,236.55,237.05,Marubozu
182.05,182.05,172.2,172.85,Marubozu
170.85,170.85,155.75,156.5,Marubozu
158,165.4,157.2,164.8,Marubozu
165.1,165.1,158.1,158.6,Marubozu
157.7,158.2,151.1,151.9,Marubozu
193.1,197.4,193.1,196.9,Marubozu
172.4,172.8,168.3,168.5,Marubozu
213.1,218.1,212.85,217.65,Marubozu
236.85,237,231.15,231.6,Marubozu
258.1,258.1,254.95,255.5,Marubozu
284.1,284.9,276.25,277.3,Marubozu
266.1,266.35,262.4,263,Marubozu
305.9,311.9,305.25,311.3,Marubozu
317,317.5,305.1,306.15,Marubozu
280.1,280.1,273.95,274.55,Marubozu
255.15,255.45,246.15,246.75,Marubozu
263.1,263.1,256.4,257.15,Marubozu
260.6,268.1,260.05,267.25,Marubozu
274.85,274.85,268.2,268.75,Marubozu
112.93,112.93,105.1,105.54,Marubozu
148.79,148.98,145.72,146.22,Marubozu
217.7,230.3,217.22,229.47,Marubozu
168.9,175.28,168.9,174.75,Marubozu
153.2,160.4,153.2,159.69,Marubozu
157.69,157.69,145.1,145.42,Marubozu
133.5,140.88,133.5,140.28,Marubozu
150.8,150.8,142.61,143.39,Marubozu
137.9,137.9,126.1,127.15,Marubozu
130.87,130.87,121.3,122.14,Marubozu
110.4,117.4,109.7,116.79,Marubozu
119.4,124.4,119.4,123.78,Marubozu
92.18,95.47,92.18,95.21,Marubozu
95.49,99,95.34,98.61,Marubozu
170.91,179.87,170.91,179.19,Marubozu
189.4,189.7,180.9,181.66,Marubozu
246.9,246.9,237.9,238.51,Marubozu
221.4,232.4,220.9,231.72,Marubozu
224.5,229.7,224.21,229.06,Marubozu
214.7,214.7,201.45,202.03,Marubozu
198.81,202.49,198.81,202.14,Marubozu
222.9,227.35,222.9,226.78,Marubozu
323.3,323.3,317.3,317.98,Marubozu
276.4,276.4,272.4,272.75,Marubozu
267.3,267.3,255.39,255.97,Marubozu
225.1,230.32,224.71,229.69,Marubozu
246.88,251.6,246.5,251.16,Marubozu
188.69,192.25,188.5,191.74,Marubozu
189.1,193.9,188.57,193.41,Marubozu
190.4,193.9,190.25,193.38,Marubozu
164.3,170.9,164.2,170.47,Marubozu
222.9,223.6,214.9,215.66,Marubozu
203.4,203.9,193.01,193.78,Marubozu
201.8,210.6,201.6,210.03,Marubozu
218.91,222.89,218.91,222.38,Marubozu
230.9,234.8,230.33,234.47,Marubozu
233.95,233.95,226.03,226.85,Marubozu
225.7,226.28,221.75,222.25,Marubozu
213,217.65,213,217.22,Marubozu
212.39,212.41,205.19,205.72,Marubozu
174.05,181.06,173.91,180.56,Marubozu
148.4,150.4,148.4,150.11,Marubozu
196.61,202.1,196.17,201.63,Marubozu
252.7,252.9,245.1,245.83,Marubozu
242.61,252.39,242.61,251.66,Marubozu
318.5,318.5,312.2,312.8,Marubozu
311.45,311.9,303.4,304.05,Marubozu
271.8,272,264.9,265.3,Marubozu
276.9,276.9,271.25,271.95,Marubozu
263.1,263.3,257.95,258.35,Marubozu
252.4,253.2,244.9,245.6,Marubozu
242.55,242.9,230,230.45,Marubozu
241.1,241.8,234.3,235.05,Marubozu
241.4,241.7,236.35,236.85,Marubozu
181.85,181.85,172,172.65,Marubozu
170.65,170.65,155.55,156.3,Marubozu
157.8,165.2,157,164.6,Marubozu
164.9,164.9,157.9,158.4,Marubozu
157.5,158,150.9,151.7,Marubozu
192.9,197.2,192.9,196.7,Marubozu
172.2,172.6,168.1,168.3,Marubozu
212.9,217.9,212.65,217.45,Marubozu
236.65,236.8,230.95,231.4,Marubozu
257.9,257.9,254.75,255.3,Marubozu
283.9,284.7,276.05,277.1,Marubozu
265.9,266.15,262.2,262.8,Marubozu
305.7,311.7,305.05,311.1,Marubozu
316.8,317.3,304.9,305.95,Marubozu
279.9,279.9,273.75,274.35,Marubozu
254.95,255.25,245.95,246.55,Marubozu
262.9,262.9,256.2,256.95,Marubozu
260.4,267.9,259.85,267.05,Marubozu
274.65,274.65,268,268.55,Marubozu
113.03,113.03,105.2,105.64,Marubozu
148.89,149.08,145.82,146.32,Marubozu
217.8,230.4,217.32,229.57,Marubozu
169,175.38,169,174.85,Marubozu
153.3,160.5,153.3,159.79,Marubozu
157.79,157.79,145.2,145.52,Marubozu
133.6,140.98,133.6,140.38,Marubozu
150.9,150.9,142.71,143.49,Marubozu
138,138,126.2,127.25,Marubozu
130.97,130.97,121.4,122.24,Marubozu
110.5,117.5,109.8,116.89,Marubozu
119.5,124.5,119.5,123.88,Marubozu
92.28,95.57,92.28,95.31,Marubozu
95.59,99.1,95.44,98.71,Marubozu
171.01,179.97,171.01,179.29,Marubozu
189.5,189.8,181,181.76,Marubozu
247,247,238,238.61,Marubozu
221.5,232.5,221,231.82,Marubozu
224.6,229.8,224.31,229.16,Marubozu
214.8,214.8,201.55,202.13,Marubozu
198.91,202.59,198.91,202.24,Marubozu
223,227.45,223,226.88,Marubozu
323.4,323.4,317.4,318.08,Marubozu
276.5,276.5,272.5,272.85,Marubozu
267.4,267.4,255.49,256.07,Marubozu
225.2,230.42,224.81,229.79,Marubozu
246.98,251.7,246.6,251.26,Marubozu
188.79,192.35,188.6,191.84,Marubozu
189.2,194,188.67,193.51,Marubozu
190.5,194,190.35,193.48,Marubozu
164.4,171,164.3,170.57,Marubozu
223,223.7,215,215.76,Marubozu
203.5,204,193.11,193.88,Marubozu
201.9,210.7,201.7,210.13,Marubozu
219.01,222.99,219.01,222.48,Marubozu
231,234.9,230.43,234.57,Marubozu
234.05,234.05,226.13,226.95,Marubozu
225.8,226.38,221.85,222.35,Marubozu
213.1,217.75,213.1,217.32,Marubozu
212.49,212.51,205.29,205.82,Marubozu
174.15,181.16,174.01,180.66,Marubozu
148.5,150.5,148.5,150.21,Marubozu
196.71,202.2,196.27,201.73,Marubozu
252.8,253,245.2,245.93,Marubozu
242.71,252.49,242.71,251.76,Marubozu
318.6,318.6,312.3,312.9,Marubozu
311.55,312,303.5,304.15,Marubozu
271.9,272.1,265,265.4,Marubozu
277,277,271.35,272.05,Marubozu
263.2,263.4,258.05,258.45,Marubozu
252.5,253.3,245,245.7,Marubozu
242.65,243,230.1,230.55,Marubozu
241.2,241.9,234.4,235.15,Marubozu
241.5,241.8,236.45,236.95,Marubozu
181.95,181.95,172.1,172.75,Marubozu
170.75,170.75,155.65,156.4,Marubozu
157.9,165.3,157.1,164.7,Marubozu
165,165,158,158.5,Marubozu
157.6,158.1,151,151.8,Marubozu
193,197.3,193,196.8,Marubozu
172.3,172.7,168.2,168.4,Marubozu
213,218,212.75,217.55,Marubozu
236.75,236.9,231.05,231.5,Marubozu
258,258,254.85,255.4,Marubozu
284,284.8,276.15,277.2,Marubozu
266,266.25,262.3,262.9,Marubozu
305.8,311.8,305.15,311.2,Marubozu
316.9,317.4,305,306.05,Marubozu
280,280,273.85,274.45,Marubozu
255.05,255.35,246.05,246.65,Marubozu
263,263,256.3,257.05,Marubozu
260.5,268,259.95,267.15,Marubozu
274.75,274.75,268.1,268.65,Marubozu
115.68,118.32,115.49,115.96,Gravestone Doji
147.66,149.45,146.66,147.18,Gravestone Doji
160.4,163.68,160.21,161.04,Gravestone Doji
165.2,171.1,164.7,165.62,Gravestone Doji
168,172.1,167.5,168.32,Gravestone Doji
151.48,155.44,150.63,152.32,Gravestone Doji
233,237.5,232.12,232.8,Gravestone Doji
192.39,194,191.1,191.76,Gravestone Doji
282.5,285.61,281.15,281.85,Gravestone Doji
188.1,193.4,187.5,188.74,Gravestone Doji
225.43,232.31,224.7,226.05,Gravestone Doji
224,226.79,223.05,223.47,Gravestone Doji
213.54,216.18,212.25,212.98,Gravestone Doji
152,154,151.04,151.63,Gravestone Doji
173.01,176.19,172.74,173.21,Gravestone Doji
307.6,312.5,306.25,307.2,Gravestone Doji
306,309.95,305,305.75,Gravestone Doji
306.85,309.8,306.05,307.65,Gravestone Doji
278.65,282,277.55,278.2,Gravestone Doji
243.7,246.8,243.2,244.25,Gravestone Doji
156,160.7,155.3,156.3,Gravestone Doji
256,258.3,255.2,255.65,Gravestone Doji
246,249,245.5,245.9,Gravestone Doji
313.15,316.9,311,312.1,Gravestone Doji
273.3,278.4,273.15,274,Gravestone Doji
115.78,118.42,115.59,116.06,Gravestone Doji
147.76,149.55,146.76,147.28,Gravestone Doji
160.5,163.78,160.31,161.14,Gravestone Doji
165.3,171.2,164.8,165.72,Gravestone Doji
168.1,172.2,167.6,168.42,Gravestone Doji
151.58,155.54,150.73,152.42,Gravestone Doji
233.1,237.6,232.22,232.9,Gravestone Doji
192.49,194.1,191.2,191.86,Gravestone Doji
282.6,285.71,281.25,281.95,Gravestone Doji
188.2,193.5,187.6,188.84,Gravestone Doji
225.53,232.41,224.8,226.15,Gravestone Doji
224.1,226.89,223.15,223.57,Gravestone Doji
213.64,216.28,212.35,213.08,Gravestone Doji
152.1,154.1,151.14,151.73,Gravestone Doji
173.11,176.29,172.84,173.31,Gravestone Doji
307.7,312.6,306.35,307.3,Gravestone Doji
306.1,310.05,305.1,305.85,Gravestone Doji
306.95,309.9,306.15,307.75,Gravestone Doji
278.75,282.1,277.65,278.3,Gravestone Doji
243.8,246.9,243.3,244.35,Gravestone Doji
156.1,160.8,155.4,156.4,Gravestone Doji
256.1,258.4,255.3,255.75,Gravestone Doji
246.1,249.1,245.6,246,Gravestone Doji
313.25,317,311.1,312.2,Gravestone Doji
273.4,278.5,273.25,274.1,Gravestone Doji
115.88,118.52,115.69,116.16,Gravestone Doji
147.86,149.65,146.86,147.38,Gravestone Doji
160.6,163.88,160.41,161.24,Gravestone Doji
165.4,171.3,164.9,165.82,Gravestone Doji
168.2,172.3,167.7,168.52,Gravestone Doji
151.68,155.64,150.83,152.52,Gravestone Doji
233.2,237.7,232.32,233,Gravestone Doji
192.59,194.2,191.3,191.96,Gravestone Doji
282.7,285.81,281.35,282.05,Gravestone Doji
188.3,193.6,187.7,188.94,Gravestone Doji
225.63,232.51,224.9,226.25,Gravestone Doji
224.2,226.99,223.25,223.67,Gravestone Doji
213.74,216.38,212.45,213.18,Gravestone Doji
152.2,154.2,151.24,151.83,Gravestone Doji
173.21,176.39,172.94,173.41,Gravestone Doji
307.8,312.7,306.45,307.4,Gravestone Doji
306.2,310.15,305.2,305.95,Gravestone Doji
307.05,310,306.25,307.85,Gravestone Doji
278.85,282.2,277.75,278.4,Gravestone Doji
243.9,247,243.4,244.45,Gravestone Doji
156.2,160.9,155.5,156.5,Gravestone Doji
256.2,258.5,255.4,255.85,Gravestone Doji
246.2,249.2,245.7,246.1,Gravestone Doji
313.35,317.1,311.2,312.3,Gravestone Doji
273.5,278.6,273.35,274.2,Gravestone Doji
115.98,118.62,115.79,116.26,Gravestone Doji
147.96,149.75,146.96,147.48,Gravestone Doji
160.7,163.98,160.51,161.34,Gravestone Doji
165.5,171.4,165,165.92,Gravestone Doji
168.3,172.4,167.8,168.62,Gravestone Doji
151.78,155.74,150.93,152.62,Gravestone Doji
233.3,237.8,232.42,233.1,Gravestone Doji
192.69,194.3,191.4,192.06,Gravestone Doji
282.8,285.91,281.45,282.15,Gravestone Doji
188.4,193.7,187.8,189.04,Gravestone Doji
225.73,232.61,225,226.35,Gravestone Doji
224.3,227.09,223.35,223.77,Gravestone Doji
213.84,216.48,212.55,213.28,Gravestone Doji
152.3,154.3,151.34,151.93,Gravestone Doji
173.31,176.49,173.04,173.51,Gravestone Doji
307.9,312.8,306.55,307.5,Gravestone Doji
306.3,310.25,305.3,306.05,Gravestone Doji
307.15,310.1,306.35,307.95,Gravestone Doji
278.95,282.3,277.85,278.5,Gravestone Doji
244,247.1,243.5,244.55,Gravestone Doji
156.3,161,155.6,156.6,Gravestone Doji
256.3,258.6,255.5,255.95,Gravestone Doji
246.3,249.3,245.8,246.2,Gravestone Doji
313.45,317.2,311.3,312.4,Gravestone Doji
273.6,278.7,273.45,274.3,Gravestone Doji
115.58,118.22,115.39,115.86,Gravestone Doji
147.56,149.35,146.56,147.08,Gravestone Doji
160.3,163.58,160.11,160.94,Gravestone Doji
165.1,171,164.6,165.52,Gravestone Doji
167.9,172,167.4,168.22,Gravestone Doji
151.38,155.34,150.53,152.22,Gravestone Doji
232.9,237.4,232.02,232.7,Gravestone Doji
192.29,193.9,191,191.66,Gravestone Doji
282.4,285.51,281.05,281.75,Gravestone Doji
188,193.3,187.4,188.64,Gravestone Doji
225.33,232.21,224.6,225.95,Gravestone Doji
223.9,226.69,222.95,223.37,Gravestone Doji
213.44,216.08,212.15,212.88,Gravestone Doji
151.9,153.9,150.94,151.53,Gravestone Doji
172.91,176.09,172.64,173.11,Gravestone Doji
307.5,312.4,306.15,307.1,Gravestone Doji
305.9,309.85,304.9,305.65,Gravestone Doji
306.75,309.7,305.95,307.55,Gravestone Doji
278.55,281.9,277.45,278.1,Gravestone Doji
243.6,246.7,243.1,244.15,Gravestone Doji
155.9,160.6,155.2,156.2,Gravestone Doji
255.9,258.2,255.1,255.55,Gravestone Doji
245.9,248.9,245.4,245.8,Gravestone Doji
313.05,316.8,310.9,312,Gravestone Doji
273.2,278.3,273.05,273.9,Gravestone Doji
115.68,118.32,115.49,115.96,Gravestone Doji
147.66,149.45,146.66,147.18,Gravestone Doji
160.4,163.68,160.21,161.04,Gravestone Doji
165.2,171.1,164.7,165.62,Gravestone Doji
168,172.1,167.5,168.32,Gravestone Doji
151.48,155.44,150.63,152.32,Gravestone Doji
233,237.5,232.12,232.8,Gravestone Doji
192.39,194,191.1,191.76,Gravestone Doji
282.5,285.61,281.15,281.85,Gravestone Doji
188.1,193.4,187.5,188.74,Gravestone Doji
225.43,232.31,224.7,226.05,Gravestone Doji
224,226.79,223.05,223.47,Gravestone Doji
213.54,216.18,212.25,212.98,Gravestone Doji
152,154,151.04,151.63,Gravestone Doji
173.01,176.19,172.74,173.21,Gravestone Doji
307.6,312.5,306.25,307.2,Gravestone Doji
306,309.95,305,305.75,Gravestone Doji
306.85,309.8,306.05,307.65,Gravestone Doji
278.65,282,277.55,278.2,Gravestone Doji
243.7,246.8,243.2,244.25,Gravestone Doji
156,160.7,155.3,156.3,Gravestone Doji
256,258.3,255.2,255.65,Gravestone Doji
246,249,245.5,245.9,Gravestone Doji
313.15,316.9,311,312.1,Gravestone Doji
273.3,278.4,273.15,274,Gravestone Doji
115.78,118.42,115.59,116.06,Gravestone Doji
147.76,149.55,146.76,147.28,Gravestone Doji
160.5,163.78,160.31,161.14,Gravestone Doji
165.3,171.2,164.8,165.72,Gravestone Doji
168.1,172.2,167.6,168.42,Gravestone Doji
151.58,155.54,150.73,152.42,Gravestone Doji
233.1,237.6,232.22,232.9,Gravestone Doji
192.49,194.1,191.2,191.86,Gravestone Doji
282.6,285.71,281.25,281.95,Gravestone Doji
188.2,193.5,187.6,188.84,Gravestone Doji
225.53,232.41,224.8,226.15,Gravestone Doji
224.1,226.89,223.15,223.57,Gravestone Doji
213.64,216.28,212.35,213.08,Gravestone Doji
152.1,154.1,151.14,151.73,Gravestone Doji
173.11,176.29,172.84,173.31,Gravestone Doji
307.7,312.6,306.35,307.3,Gravestone Doji
306.1,310.05,305.1,305.85,Gravestone Doji
306.95,309.9,306.15,307.75,Gravestone Doji
278.75,282.1,277.65,278.3,Gravestone Doji
243.8,246.9,243.3,244.35,Gravestone Doji
156.1,160.8,155.4,156.4,Gravestone Doji
256.1,258.4,255.3,255.75,Gravestone Doji
246.1,249.1,245.6,246,Gravestone Doji
313.25,317,311.1,312.2,Gravestone Doji
273.4,278.5,273.25,274.1,Gravestone Doji
115.88,118.52,115.69,116.16,Gravestone Doji
147.86,149.65,146.86,147.38,Gravestone Doji
160.6,163.88,160.41,161.24,Gravestone Doji
165.4,171.3,164.9,165.82,Gravestone Doji
168.2,172.3,167.7,168.52,Gravestone Doji
151.68,155.64,150.83,152.52,Gravestone Doji
233.2,237.7,232.32,233,Gravestone Doji
192.59,194.2,191.3,191.96,Gravestone Doji
282.7,285.81,281.35,282.05,Gravestone Doji
188.3,193.6,187.7,188.94,Gravestone Doji
225.63,232.51,224.9,226.25,Gravestone Doji
224.2,226.99,223.25,223.67,Gravestone Doji
213.74,216.38,212.45,213.18,Gravestone Doji
152.2,154.2,151.24,151.83,Gravestone Doji
173.21,176.39,172.94,173.41,Gravestone Doji
307.8,312.7,306.45,307.4,Gravestone Doji
306.2,310.15,305.2,305.95,Gravestone Doji
307.05,310,306.25,307.85,Gravestone Doji
278.85,282.2,277.75,278.4,Gravestone Doji
243.9,247,243.4,244.45,Gravestone Doji
156.2,160.9,155.5,156.5,Gravestone Doji
256.2,258.5,255.4,255.85,Gravestone Doji
246.2,249.2,245.7,246.1,Gravestone Doji
313.35,317.1,311.2,312.3,Gravestone Doji
273.5,278.6,273.35,274.2,Gravestone Doji
115.48,118.12,115.29,115.76,Gravestone Doji
147.46,149.25,146.46,146.98,Gravestone Doji
160.2,163.48,160.01,160.84,Gravestone Doji
165,170.9,164.5,165.42,Gravestone Doji
167.8,171.9,167.3,168.12,Gravestone Doji
151.28,155.24,150.43,152.12,Gravestone Doji
232.8,237.3,231.92,232.6,Gravestone Doji
192.19,193.8,190.9,191.56,Gravestone Doji
282.3,285.41,280.95,281.65,Gravestone Doji
187.9,193.2,187.3,188.54,Gravestone Doji
225.23,232.11,224.5,225.85,Gravestone Doji
223.8,226.59,222.85,223.27,Gravestone Doji
213.34,215.98,212.05,212.78,Gravestone Doji
151.8,153.8,150.84,151.43,Gravestone Doji
172.81,175.99,172.54,173.01,Gravestone Doji
307.4,312.3,306.05,307,Gravestone Doji
305.8,309.75,304.8,305.55,Gravestone Doji
306.65,309.6,305.85,307.45,Gravestone Doji
278.45,281.8,277.35,278,Gravestone Doji
243.5,246.6,243,244.05,Gravestone Doji
155.8,160.5,155.1,156.1,Gravestone Doji
255.8,258.1,255,255.45,Gravestone Doji
245.8,248.8,245.3,245.7,Gravestone Doji
312.95,316.7,310.8,311.9,Gravestone Doji
273.1,278.2,272.95,273.8,Gravestone Doji
115.58,118.22,115.39,115.86,Gravestone Doji
147.56,149.35,146.56,147.08,Gravestone Doji
160.3,163.58,160.11,160.94,Gravestone Doji
165.1,171,164.6,165.52,Gravestone Doji
167.9,172,167.4,168.22,Gravestone Doji
151.38,155.34,150.53,152.22,Gravestone Doji
232.9,237.4,232.02,232.7,Gravestone Doji
192.29,193.9,191,191.66,Gravestone Doji
282.4,285.51,281.05,281.75,Gravestone Doji
188,193.3,187.4,188.64,Gravestone Doji
225.33,232.21,224.6,225.95,Gravestone Doji
223.9,226.69,222.95,223.37,Gravestone Doji
213.44,216.08,212.15,212.88,Gravestone Doji
151.9,153.9,150.94,151.53,Gravestone Doji
172.91,176.09,172.64,173.11,Gravestone Doji
307.5,312.4,306.15,307.1,Gravestone Doji
305.9,309.85,304.9,305.65,Gravestone Doji
306.75,309.7,305.95,307.55,Gravestone Doji
278.55,281.9,277.45,278.1,Gravestone Doji
243.6,246.7,243.1,244.15,Gravestone Doji
155.9,160.6,155.2,156.2,Gravestone Doji
255.9,258.2,255.1,255.55,Gravestone Doji
245.9,248.9,245.4,245.8,Gravestone Doji
313.05,316.8,310.9,312,Gravestone Doji
273.2,278.3,273.05,273.9,Gravestone Doji
115.68,118.32,115.49,115.96,Gravestone Doji
147.66,149.45,146.66,147.18,Gravestone Doji
160.4,163.68,160.21,161.04,Gravestone Doji
165.2,171.1,164.7,165.62,Gravestone Doji
168,172.1,167.5,168.32,Gravestone Doji
151.48,155.44,150.63,152.32,Gravestone Doji
233,237.5,232.12,232.8,Gravestone Doji
192.39,194,191.1,191.76,Gravestone Doji
282.5,285.61,281.15,281.85,Gravestone Doji
188.1,193.4,187.5,188.74,Gravestone Doji
225.43,232.31,224.7,226.05,Gravestone Doji
224,226.79,223.05,223.47,Gravestone Doji
213.54,216.18,212.25,212.98,Gravestone Doji
152,154,151.04,151.63,Gravestone Doji
173.01,176.19,172.74,173.21,Gravestone Doji
307.6,312.5,306.25,307.2,Gravestone Doji
306,309.95,305,305.75,Gravestone Doji
306.85,309.8,306.05,307.65,Gravestone Doji
278.65,282,277.55,278.2,Gravestone Doji
243.7,246.8,243.2,244.25,Gravestone Doji
156,160.7,155.3,156.3,Gravestone Doji
256,258.3,255.2,255.65,Gravestone Doji
246,249,245.5,245.9,Gravestone Doji
313.15,316.9,311,312.1,Gravestone Doji
273.3,278.4,273.15,274,Gravestone Doji
115.78,118.42,115.59,116.06,Gravestone Doji
147.76,149.55,146.76,147.28,Gravestone Doji
160.5,163.78,160.31,161.14,Gravestone Doji
165.3,171.2,164.8,165.72,Gravestone Doji
168.1,172.2,167.6,168.42,Gravestone Doji
151.58,155.54,150.73,152.42,Gravestone Doji
233.1,237.6,232.22,232.9,Gravestone Doji
192.49,194.1,191.2,191.86,Gravestone Doji
282.6,285.71,281.25,281.95,Gravestone Doji
188.2,193.5,187.6,188.84,Gravestone Doji
225.53,232.41,224.8,226.15,Gravestone Doji
224.1,226.89,223.15,223.57,Gravestone Doji
213.64,216.28,212.35,213.08,Gravestone Doji
152.1,154.1,151.14,151.73,Gravestone Doji
173.11,176.29,172.84,173.31,Gravestone Doji
307.7,312.6,306.35,307.3,Gravestone Doji
306.1,310.05,305.1,305.85,Gravestone Doji
87.26,87.74,85.59,87.42,Dragonfly Doji
183.51,184.35,180.4,183.51,Dragonfly Doji
228.8,229.56,221.35,227.91,Dragonfly Doji
213.37,213.9,206.5,212.59,Dragonfly Doji
103.5,104.5,99.56,103.7,Dragonfly Doji
172.4,173,169.5,171.68,Dragonfly Doji
235.9,236.2,232.35,235.09,Dragonfly Doji
175.99,176.49,172.22,175.6,Dragonfly Doji
319.85,321,314.05,320.3,Dragonfly Doji
306.8,307.9,302,305.7,Dragonfly Doji
283.9,284,279.5,283.1,Dragonfly Doji
289.9,290,285.4,289.75,Dragonfly Doji
270.25,271,266.25,270.55,Dragonfly Doji
257.9,258.45,255.1,257.9,Dragonfly Doji
259.8,260.35,254.75,258.65,Dragonfly Doji
245,245.9,243.7,245.35,Dragonfly Doji
269,269.4,266.7,268.5,Dragonfly Doji
289.8,290.35,286.55,289.35,Dragonfly Doji
278,279.65,276,278.7,Dragonfly Doji
335.5,336.65,331.65,334.95,Dragonfly Doji
267.8,268.4,262.55,266.95,Dragonfly Doji
87.27,87.75,85.6,87.43,Dragonfly Doji
183.52,184.36,180.41,183.52,Dragonfly Doji
228.81,229.57,221.36,227.92,Dragonfly Doji
213.38,213.91,206.51,212.6,Dragonfly Doji
103.51,104.51,99.57,103.71,Dragonfly Doji
172.41,173.01,169.51,171.69,Dragonfly Doji
235.91,236.21,232.36,235.1,Dragonfly Doji
176,176.5,172.23,175.61,Dragonfly Doji
319.86,321.01,314.06,320.31,Dragonfly Doji
306.81,307.91,302.01,305.71,Dragonfly Doji
283.91,284.01,279.51,283.11,Dragonfly Doji
289.91,290.01,285.41,289.76,Dragonfly Doji
270.26,271.01,266.26,270.56,Dragonfly Doji
257.91,258.46,255.11,257.91,Dragonfly Doji
259.81,260.36,254.76,258.66,Dragonfly Doji
245.01,245.91,243.71,245.36,Dragonfly Doji
269.01,269.41,266.71,268.51,Dragonfly Doji
289.81,290.36,286.56,289.36,Dragonfly Doji
278.01,279.66,276.01,278.71,Dragonfly Doji
335.51,336.66,331.66,334.96,Dragonfly Doji
267.81,268.41,262.56,266.96,Dragonfly Doji
87.28,87.76,85.61,87.44,Dragonfly Doji
183.53,184.37,180.42,183.53,Dragonfly Doji
228.82,229.58,221.37,227.93,Dragonfly Doji
213.39,213.92,206.52,212.61,Dragonfly Doji
103.52,104.52,99.58,103.72,Dragonfly Doji
172.42,173.02,169.52,171.7,Dragonfly Doji
235.92,236.22,232.37,235.11,Dragonfly Doji
176.01,176.51,172.24,175.62,Dragonfly Doji
319.87,321.02,314.07,320.32,Dragonfly Doji
306.82,307.92,302.02,305.72,Dragonfly Doji
283.92,284.02,279.52,283.12,Dragonfly Doji
289.92,290.02,285.42,289.77,Dragonfly Doji
270.27,271.02,266.27,270.57,Dragonfly Doji
257.92,258.47,255.12,257.92,Dragonfly Doji
259.82,260.37,254.77,258.67,Dragonfly Doji
245.02,245.92,243.72,245.37,Dragonfly Doji
269.02,269.42,266.72,268.52,Dragonfly Doji
289.82,290.37,286.57,289.37,Dragonfly Doji
278.02,279.67,276.02,278.72,Dragonfly Doji
335.52,336.67,331.67,334.97,Dragonfly Doji
267.82,268.42,262.57,266.97,Dragonfly Doji
87.29,87.77,85.62,87.45,Dragonfly Doji
183.54,184.38,180.43,183.54,Dragonfly Doji
228.83,229.59,221.38,227.94,Dragonfly Doji
213.4,213.93,206.53,212.62,Dragonfly Doji
103.53,104.53,99.59,103.73,Dragonfly Doji
172.43,173.03,169.53,171.71,Dragonfly Doji
235.93,236.23,232.38,235.12,Dragonfly Doji
176.02,176.52,172.25,175.63,Dragonfly Doji
319.88,321.03,314.08,320.33,Dragonfly Doji
306.83,307.93,302.03,305.73,Dragonfly Doji
283.93,284.03,279.53,283.13,Dragonfly Doji
289.93,290.03,285.43,289.78,Dragonfly Doji
270.28,271.03,266.28,270.58,Dragonfly Doji
257.93,258.48,255.13,257.93,Dragonfly Doji
259.83,260.38,254.78,258.68,Dragonfly Doji
245.03,245.93,243.73,245.38,Dragonfly Doji
269.03,269.43,266.73,268.53,Dragonfly Doji
289.83,290.38,286.58,289.38,Dragonfly Doji
278.03,279.68,276.03,278.73,Dragonfly Doji
335.53,336.68,331.68,334.98,Dragonfly Doji
267.83,268.43,262.58,266.98,Dragonfly Doji
87.16,87.64,85.49,87.32,Dragonfly Doji
183.41,184.25,180.3,183.41,Dragonfly Doji
228.7,229.46,221.25,227.81,Dragonfly Doji
213.27,213.8,206.4,212.49,Dragonfly Doji
103.4,104.4,99.46,103.6,Dragonfly Doji
172.3,172.9,169.4,171.58,Dragonfly Doji
235.8,236.1,232.25,234.99,Dragonfly Doji
175.89,176.39,172.12,175.5,Dragonfly Doji
319.75,320.9,313.95,320.2,Dragonfly Doji
306.7,307.8,301.9,305.6,Dragonfly Doji
283.8,283.9,279.4,283,Dragonfly Doji
289.8,289.9,285.3,289.65,Dragonfly Doji
270.15,270.9,266.15,270.45,Dragonfly Doji
257.8,258.35,255,257.8,Dragonfly Doji
259.7,260.25,254.65,258.55,Dragonfly Doji
244.9,245.8,243.6,245.25,Dragonfly Doji
268.9,269.3,266.6,268.4,Dragonfly Doji
289.7,290.25,286.45,289.25,Dragonfly Doji
277.9,279.55,275.9,278.6,Dragonfly Doji
335.4,336.55,331.55,334.85,Dragonfly Doji
267.7,268.3,262.45,266.85,Dragonfly Doji
87.17,87.65,85.5,87.33,Dragonfly Doji
183.42,184.26,180.31,183.42,Dragonfly Doji
228.71,229.47,221.26,227.82,Dragonfly Doji
213.28,213.81,206.41,212.5,Dragonfly Doji
103.41,104.41,99.47,103.61,Dragonfly Doji
172.31,172.91,169.41,171.59,Dragonfly Doji
235.81,236.11,232.26,235,Dragonfly Doji
175.9,176.4,172.13,175.51,Dragonfly Doji
319.76,320.91,313.96,320.21,Dragonfly Doji
306.71,307.81,301.91,305.61,Dragonfly Doji
283.81,283.91,279.41,283.01,Dragonfly Doji
289.81,289.91,285.31,289.66,Dragonfly Doji
270.16,270.91,266.16,270.46,Dragonfly Doji
257.81,258.36,255.01,257.81,Dragonfly Doji
259.71,260.26,254.66,258.56,Dragonfly Doji
244.91,245.81,243.61,245.26,Dragonfly Doji
268.91,269.31,266.61,268.41,Dragonfly Doji
289.71,290.26,286.46,289.26,Dragonfly Doji
277.91,279.56,275.91,278.61,Dragonfly Doji
335.41,336.56,331.56,334.86,Dragonfly Doji
267.71,268.31,262.46,266.86,Dragonfly Doji
87.18,87.66,85.51,87.34,Dragonfly Doji
183.43,184.27,180.32,183.43,Dragonfly Doji
228.72,229.48,221.27,227.83,Dragonfly Doji
213.29,213.82,206.42,212.51,Dragonfly Doji
103.42,104.42,99.48,103.62,Dragonfly Doji
172.32,172.92,169.42,171.6,Dragonfly Doji
235.82,236.12,232.27,235.01,Dragonfly Doji
175.91,176.41,172.14,175.52,Dragonfly Doji
319.77,320.92,313.97,320.22,Dragonfly Doji
306.72,307.82,301.92,305.62,Dragonfly Doji
283.82,283.92,279.42,283.02,Dragonfly Doji
289.82,289.92,285.32,289.67,Dragonfly Doji
270.17,270.92,266.17,270.47,Dragonfly Doji
257.82,258.37,255.02,257.82,Dragonfly Doji
259.72,260.27,254.67,258.57,Dragonfly Doji
244.92,245.82,243.62,245.27,Dragonfly Doji
268.92,269.32,266.62,268.42,Dragonfly Doji
289.72,290.27,286.47,289.27,Dragonfly Doji
277.92,279.57,275.92,278.62,Dragonfly Doji
335.42,336.57,331.57,334.87,Dragonfly Doji
267.72,268.32,262.47,266.87,Dragonfly Doji
87.19,87.67,85.52,87.35,Dragonfly Doji
183.44,184.28,180.33,183.44,Dragonfly Doji
228.73,229.49,221.28,227.84,Dragonfly Doji
213.3,213.83,206.43,212.52,Dragonfly Doji
103.43,104.43,99.49,103.63,Dragonfly Doji
172.33,172.93,169.43,171.61,Dragonfly Doji
235.83,236.13,232.28,235.02,Dragonfly Doji
175.92,176.42,172.15,175.53,Dragonfly Doji
319.78,320.93,313.98,320.23,Dragonfly Doji
306.73,307.83,301.93,305.63,Dragonfly Doji
283.83,283.93,279.43,283.03,Dragonfly Doji
289.83,289.93,285.33,289.68,Dragonfly Doji
270.18,270.93,266.18,270.48,Dragonfly Doji
257.83,258.38,255.03,257.83,Dragonfly Doji
259.73,260.28,254.68,258.58,Dragonfly Doji
244.93,245.83,243.63,245.28,Dragonfly Doji
268.93,269.33,266.63,268.43,Dragonfly Doji
289.73,290.28,286.48,289.28,Dragonfly Doji
277.93,279.58,275.93,278.63,Dragonfly Doji
335.43,336.58,331.58,334.88,Dragonfly Doji
267.73,268.33,262.48,266.88,Dragonfly Doji
87.06,87.54,85.39,87.22,Dragonfly Doji
183.31,184.15,180.2,183.31,Dragonfly Doji
228.6,229.36,221.15,227.71,Dragonfly Doji
213.17,213.7,206.3,212.39,Dragonfly Doji
103.3,104.3,99.36,103.5,Dragonfly Doji
172.2,172.8,169.3,171.48,Dragonfly Doji
235.7,236,232.15,234.89,Dragonfly Doji
175.79,176.29,172.02,175.4,Dragonfly Doji
319.65,320.8,313.85,320.1,Dragonfly Doji
306.6,307.7,301.8,305.5,Dragonfly Doji
283.7,283.8,279.3,282.9,Dragonfly Doji
289.7,289.8,285.2,289.55,Dragonfly Doji
270.05,270.8,266.05,270.35,Dragonfly Doji
257.7,258.25,254.9,257.7,Dragonfly Doji
259.6,260.15,254.55,258.45,Dragonfly Doji
244.8,245.7,243.5,245.15,Dragonfly Doji
268.8,269.2,266.5,268.3,Dragonfly Doji
289.6,290.15,286.35,289.15,Dragonfly Doji
277.8,279.45,275.8,278.5,Dragonfly Doji
335.3,336.45,331.45,334.75,Dragonfly Doji
267.6,268.2,262.35,266.75,Dragonfly Doji
87.07,87.55,85.4,87.23,Dragonfly Doji
183.32,184.16,180.21,183.32,Dragonfly Doji
228.61,229.37,221.16,227.72,Dragonfly Doji
213.18,213.71,206.31,212.4,Dragonfly Doji
103.31,104.31,99.37,103.51,Dragonfly Doji
172.21,172.81,169.31,171.49,Dragonfly Doji
235.71,236.01,232.16,234.9,Dragonfly Doji
175.8,176.3,172.03,175.41,Dragonfly Doji
319.66,320.81,313.86,320.11,Dragonfly Doji
306.61,307.71,301.81,305.51,Dragonfly Doji
283.71,283.81,279.31,282.91,Dragonfly Doji
289.71,289.81,285.21,289.56,Dragonfly Doji
270.06,270.81,266.06,270.36,Dragonfly Doji
257.71,258.26,254.91,257.71,Dragonfly Doji
259.61,260.16,254.56,258.46,Dragonfly Doji
244.81,245.71,243.51,245.16,Dragonfly Doji
268.81,269.21,266.51,268.31,Dragonfly Doji
289.61,290.16,286.36,289.16,Dragonfly Doji
277.81,279.46,275.81,278.51,Dragonfly Doji
335.31,336.46,331.46,334.76,Dragonfly Doji
267.61,268.21,262.36,266.76,Dragonfly Doji
87.08,87.56,85.41,87.24,Dragonfly Doji
183.33,184.17,180.22,183.33,Dragonfly Doji
228.62,229.38,221.17,227.73,Dragonfly Doji
213.19,213.72,206.32,212.41,Dragonfly Doji
103.32,104.32,99.38,103.52,Dragonfly Doji
172.22,172.82,169.32,171.5,Dragonfly Doji
235.72,236.02,232.17,234.91,Dragonfly Doji
175.81,176.31,172.04,175.42,Dragonfly Doji
319.67,320.82,313.87,320.12,Dragonfly Doji
306.62,307.72,301.82,305.52,Dragonfly Doji
283.72,283.82,279.32,282.92,Dragonfly Doji
289.72,289.82,285.22,289.57,Dragonfly Doji
270.07,270.82,266.07,270.37,Dragonfly Doji
257.72,258.27,254.92,257.72,Dragonfly Doji
259.62,260.17,254.57,258.47,Dragonfly Doji
244.82,245.72,243.52,245.17,Dragonfly Doji
268.82,269.22,266.52,268.32,Dragonfly Doji
289.62,290.17,286.37,289.17,Dragonfly Doji
277.82,279.47,275.82,278.52,Dragonfly Doji
335.32,336.47,331.47,334.77,Dragonfly Doji
267.62,268.22,262.37,266.77,Dragonfly Doji
87.09,87.57,85.42,87.25,Dragonfly Doji
183.34,184.18,180.23,183.34,Dragonfly Doji
228.63,229.39,221.18,227.74,Dragonfly Doji
213.2,213.73,206.33,212.42,Dragonfly Doji
103.33,104.33,99.39,103.53,Dragonfly Doji
172.23,172.83,169.33,171.51,Dragonfly Doji
235.73,236.03,232.18,234.92,Dragonfly Doji
175.82,176.32,172.05,175.43,Dragonfly Doji
319.68,320.83,313.88,320.13,Dragonfly Doji
306.63,307.73,301.83,305.53,Dragonfly Doji
283.73,283.83,279.33,282.93,Dragonfly Doji
289.73,289.83,285.23,289.58,Dragonfly Doji
270.08,270.83,266.08,270.38,Dragonfly Doji
257.73,258.28,254.93,257.73,Dragonfly Doji
259.63,260.18,254.58,258.48,Dragonfly Doji
244.83,245.73,243.53,245.18,Dragonfly Doji
268.83,269.23,266.53,268.33,Dragonfly Doji
289.63,290.18,286.38,289.18,Dragonfly Doji
277.83,279.48,275.83,278.53,Dragonfly Doji
335.33,336.48,331.48,334.78,Dragonfly Doji
267.63,268.23,262.38,266.78,Dragonfly Doji
86.96,87.44,85.29,87.12,Dragonfly Doji
183.21,184.05,180.1,183.21,Dragonfly Doji
228.5,229.26,221.05,227.61,Dragonfly Doji
213.07,213.6,206.2,212.29,Dragonfly Doji
103.2,104.2,99.26,103.4,Dragonfly Doji
172.1,172.7,169.2,171.38,Dragonfly Doji
235.6,235.9,232.05,234.79,Dragonfly Doji
175.69,176.19,171.92,175.3,Dragonfly Doji
319.55,320.7,313.75,320,Dragonfly Doji
306.5,307.6,301.7,305.4,Dragonfly Doji
283.6,283.7,279.2,282.8,Dragonfly Doji
289.6,289.7,285.1,289.45,Dragonfly Doji
269.95,270.7,265.95,270.25,Dragonfly Doji
257.6,258.15,254.8,257.6,Dragonfly Doji
259.5,260.05,254.45,258.35,Dragonfly Doji
244.7,245.6,243.4,245.05,Dragonfly Doji
268.7,269.1,266.4,268.2,Dragonfly Doji
289.5,290.05,286.25,289.05,Dragonfly Doji
277.7,279.35,275.7,278.4,Dragonfly Doji
335.2,336.35,331.35,334.65,Dragonfly Doji
267.5,268.1,262.25,266.65,Dragonfly Doji
86.97,87.45,85.3,87.13,Dragonfly Doji
183.22,184.06,180.11,183.22,Dragonfly Doji
228.51,229.27,221.06,227.62,Dragonfly Doji
213.08,213.61,206.21,212.3,Dragonfly Doji
103.21,104.21,99.27,103.41,Dragonfly Doji
172.11,172.71,169.21,171.39,Dragonfly Doji
235.61,235.91,232.06,234.8,Dragonfly Doji
175.7,176.2,171.93,175.31,Dragonfly Doji
319.56,320.71,313.76,320.01,Dragonfly Doji
306.51,307.61,301.71,305.41,Dragonfly Doji
283.61,283.71,279.21,282.81,Dragonfly Doji
289.61,289.71,285.11,289.46,Dragonfly Doji
269.96,270.71,265.96,270.26,Dragonfly Doji
257.61,258.16,254.81,257.61,Dragonfly Doji
259.51,260.06,254.46,258.36,Dragonfly Doji
244.71,245.61,243.41,245.06,Dragonfly Doji
268.71,269.11,266.41,268.21,Dragonfly Doji
289.51,290.06,286.26,289.06,Dragonfly Doji
277.71,279.36,275.71,278.41,Dragonfly Doji
335.21,336.36,331.36,334.66,Dragonfly Doji
267.51,268.11,262.26,266.66,Dragonfly Doji
86.98,87.46,85.31,87.14,Dragonfly Doji
183.23,184.07,180.12,183.23,Dragonfly Doji
228.52,229.28,221.07,227.63,Dragonfly Doji
213.09,213.62,206.22,212.31,Dragonfly Doji
103.22,104.22,99.28,103.42,Dragonfly Doji
172.12,172.72,169.22,171.4,Dragonfly Doji
235.62,235.92,232.07,234.81,Dragonfly Doji
175.71,176.21,171.94,175.32,Dragonfly Doji
319.57,320.72,313.77,320.02,Dragonfly Doji
306.52,307.62,301.72,305.42,Dragonfly Doji
283.62,283.72,279.22,282.82,Dragonfly Doji
289.62,289.72,285.12,289.47,Dragonfly Doji
269.97,270.72,265.97,270.27,Dragonfly Doji
257.62,258.17,254.82,257.62,Dragonfly Doji
259.52,260.07,254.47,258.37,Dragonfly Doji
244.72,245.62,243.42,245.07,Dragonfly Doji
268.72,269.12,266.42,268.22,Dragonfly Doji
289.52,290.07,286.27,289.07,Dragonfly Doji
277.72,279.37,275.72,278.42,Dragonfly Doji
335.22,336.37,331.37,334.67,Dragonfly Doji
267.52,268.12,262.27,266.67,Dragonfly Doji
86.99,87.47,85.32,87.15,Dragonfly Doji
183.24,184.08,180.13,183.24,Dragonfly Doji
228.53,229.29,221.08,227.64,Dragonfly Doji
213.1,213.63,206.23,212.32,Dragonfly Doji
103.23,104.23,99.29,103.43,Dragonfly Doji
172.13,172.73,169.23,171.41,Dragonfly Doji
235.63,235.93,232.08,234.82,Dragonfly Doji
175.72,176.22,171.95,175.33,Dragonfly Doji
319.58,320.73,313.78,320.03,Dragonfly Doji
306.53,307.63,301.73,305.43,Dragonfly Doji
283.63,283.73,279.23,282.83,Dragonfly Doji
289.63,289.73,285.13,289.48,Dragonfly Doji
269.98,270.73,265.98,270.28,Dragonfly Doji
257.63,258.18,254.83,257.63,Dragonfly Doji
259.53,260.08,254.48,258.38,Dragonfly Doji
244.73,245.63,243.43,245.08,Dragonfly Doji
268.73,269.13,266.43,268.23,Dragonfly Doji
289.53,290.08,286.28,289.08,Dragonfly Doji
277.73,279.38,275.73,278.43,Dragonfly Doji
335.23,336.38,331.38,334.68,Dragonfly Doji
267.53,268.13,262.28,266.68,Dragonfly Doji
117.94,118.88,117.28,118.28,Undefined
117.94,119.82,116.72,119.34,Undefined
119.83,120.77,116.74,117.28,Undefined
117.09,118.68,116.35,117.38,Undefined
117.83,117.83,113.89,114.51,Undefined
115.1,115.34,110.5,110.85,Undefined
110.49,110.96,106.89,107.22,Undefined
108.03,109.35,106.81,108.26,Undefined
109.64,116.64,109.45,115.62,Undefined
116.53,116.53,114.08,115.32,Undefined
118.41,118.41,113.61,114.15,Undefined
120.98,120.98,114.17,115.14,Undefined
114.92,116.24,114.92,115.54,Undefined
115.59,116.22,110.11,110.77,Undefined
112.28,112.28,108.6,109.08,Undefined
109.64,111.33,106.88,107.6,Undefined
109.26,116.05,107.16,113.51,Undefined
114.64,114.87,110.69,111.43,Undefined
110.96,113.88,110.43,112.94,Undefined
113.69,114.17,112.3,112.89,Undefined
112.75,115.01,112.47,113.72,Undefined
113.19,113.58,110.58,111.68,Undefined
108.5,109.44,102.39,104,Undefined
104.78,108.41,104.78,105.92,Undefined
106.82,108.01,104.26,104.52,Undefined
104.26,104.92,100.96,101.72,Undefined
107.09,107.09,98.22,99.84,Undefined
100.96,104.34,98.32,102.69,Undefined
102.94,108.41,100.2,100.88,Undefined
91.67,103.6,91.66,98.3,Undefined
98.31,100.11,95.86,99.6,Undefined
97.65,101.37,93.51,94.81,Undefined
94.26,94.64,90.11,90.82,Undefined
94.26,94.26,91.05,93.22,Undefined
94.16,94.51,89.1,90.99,Undefined
94.46,96.62,91.99,92.72,Undefined
93.41,94.45,91.54,91.92,Undefined
90.58,91.52,88.88,89.45,Undefined
90.11,91.02,86.59,87,Undefined
87.28,87.72,84.74,86.2,Undefined
87.75,90.58,87.75,89.86,Undefined
90.11,93.25,89.27,92.74,Undefined
93.6,97.65,93.6,97.13,Undefined
97.18,98.11,95.11,95.64,Undefined
94.92,95.27,91.27,91.87,Undefined
93.42,94.64,93.06,93.83,Undefined
92.41,92.41,87.03,87.79,Undefined
88.3,90.2,87.28,89.49,Undefined
89.87,93.88,89.87,93.3,Undefined
93.41,94.63,92.2,92.6,Undefined
92.28,92.28,90.6,91.33,Undefined
92.25,95.65,91.43,94.16,Undefined
94.92,96.42,94.68,95.63,Undefined
96.71,98.02,95.31,97.56,Undefined
96.43,100.32,94.45,99.38,Undefined
99.93,102.28,98.16,101.33,Undefined
101.48,103.69,99.59,100.04,Undefined
97.18,107.94,97.18,106.93,Undefined
100.01,108.92,100.01,107.55,Undefined
107.94,108.47,103.15,103.94,Undefined
102.94,104.62,99.16,103.97,Undefined
104.73,106.39,104.73,106,Undefined
105.67,106.79,101.62,102.06,Undefined
102.06,106.33,101.16,105.95,Undefined
104.73,109.92,100.96,108.79,Undefined
111.33,114.64,111.33,113.76,Undefined
113.69,117.09,113.22,115.81,Undefined
117,121.9,116.34,121.16,Undefined
121.72,126.05,121.71,125.22,Undefined
126.53,128.7,125.96,127.25,Undefined
127.25,127.85,124.54,125.11,Undefined
125.49,125.49,122.29,123.48,Undefined
122.79,123.13,120.3,121.34,Undefined
119.07,123.1,117,122.53,Undefined
123.59,125.1,122.66,124.79,Undefined
128.7,130.68,127.94,130.1,Undefined
132.09,136.32,131.43,135.54,Undefined
136.34,137.19,130.3,131.1,Undefined
130.4,132.27,127.68,128.38,Undefined
125.61,130.87,124.67,128,Undefined
127.94,130.1,126.06,126.41,Undefined
127.75,127.75,123.18,125.71,Undefined
125.02,125.8,120.79,121.75,Undefined
122.66,125.15,122.19,123.96,Undefined
126.43,126.9,123.88,124.41,Undefined
125.01,130.02,123.91,129.44,Undefined
130.49,134.91,129.54,134.34,Undefined
136.34,139.45,136.34,137.3,Undefined
137.75,137.75,135.31,136.78,Undefined
137.75,139.16,136.65,138.8,Undefined
138.84,144.52,138.84,143.96,Undefined
146.06,150.02,145.49,149.25,Undefined
150.87,152.85,146.84,147.55,Undefined
148.6,148.89,144.51,145.97,Undefined
146.81,149.08,144.93,148.22,Undefined
146.08,148.04,146.08,147.11,Undefined
147.19,152.66,145.77,152.07,Undefined
152.38,153.29,148.51,149.37,Undefined
149.92,149.92,147.19,148.66,Undefined
148.79,151.72,148.79,150.56,Undefined
151.91,152.83,148.7,149.48,Undefined
151.43,151.72,147.87,148.68,Undefined
148.13,148.6,145.45,146.42,Undefined
143.41,144.12,138.71,141.41,Undefined
143.84,152.36,142.45,148.89,Undefined
151.91,151.91,145.32,146.06,Undefined
146.25,153.42,145.68,150.28,Undefined
152.85,155.77,151.91,154.34,Undefined
151.91,160.3,149.08,158.69,Undefined
162.95,163.04,154.83,155.74,Undefined
154.36,154.36,151.34,152.41,Undefined
146.25,146.99,143.16,143.51,Undefined
148.6,150.02,145.31,146.21,Undefined
147.66,147.66,136.93,138.07,Undefined
139.64,141.52,132.75,133.49,Undefined
137.28,138.97,134.45,138.32,Undefined
143.32,147.47,140.21,146.69,Undefined
148.6,148.6,145.4,146.3,Undefined
141.91,149.55,141.91,148.5,Undefined
149.45,151.41,147.1,148.21,Undefined
148.13,152.66,148.13,151,Undefined
152.76,153.13,151.18,151.59,Undefined
152.76,153.13,149.08,150.42,Undefined
149.83,154.74,149.64,154.16,Undefined
155.21,155.96,152.19,152.88,Undefined
150.4,155.19,149.55,154.74,Undefined
155.68,156.34,152.38,153.1,Undefined
153.79,154.71,152.8,153.27,Undefined
154.24,158.7,153.79,158,Undefined
158.61,161.11,154.87,155.71,Undefined
154.27,158.04,154.27,155.27,Undefined
157.57,160.67,154.45,159.92,Undefined
163.7,167.48,163.7,166.98,Undefined
169.72,169.72,165.32,166.02,Undefined
165.96,173.6,165.4,170.52,Undefined
173.89,174.33,167.95,170.52,Undefined
170.78,177.29,168.71,174.48,Undefined
175.68,179.18,174.74,177.45,Undefined
178.8,185.11,178.43,183.6,Undefined
184.18,185.4,177.63,178.76,Undefined
182.38,183.89,168.51,179.98,Undefined
181.15,182.57,173.51,175.12,Undefined
177.85,178.14,165.59,168.13,Undefined
168.89,180.21,165.09,178.32,Undefined
183.04,183.99,174.55,175.75,Undefined
176.82,186.12,176.04,184.29,Undefined
184.93,187.85,179.27,181.89,Undefined
161.34,176.76,156.72,172.55,Undefined
175.97,178.32,152.38,158.04,Undefined
167.48,167.48,150.96,157.29,Undefined
153.79,163.13,151.92,161.86,Undefined
162.76,172.65,162.76,171.28,Undefined
172.66,183.2,171.28,180.18,Undefined
180.21,186.25,179.76,183.81,Undefined
183.99,198.61,179.74,196.24,Undefined
200.48,203.71,191.75,193.93,Undefined
190.69,200.31,190.69,195.14,Undefined
204.46,204.46,193.66,195.81,Undefined
193.42,214.56,188.7,212.2,Undefined
212.76,213.42,203.81,206.15,Undefined
198.14,212.76,196.29,211.82,Undefined
231.16,231.16,218.43,222.09,Undefined
224.09,224.09,216.82,217.79,Undefined
220.31,223.59,216.18,217.23,Undefined
214.93,214.93,201.44,203.49,Undefined
203.82,217.01,200.59,212.22,Undefined
215.12,215.12,208.55,212.2,Undefined
215.12,217.01,209.7,211.66,Undefined
211.66,215.82,209.93,214.6,Undefined
219.25,219.25,211.25,212.52,Undefined
218.52,226.35,218.08,224.98,Undefined
228.33,231.63,228.33,230.11,Undefined
231.54,232.96,225.31,226.1,Undefined
227.39,227.39,216.54,218.18,Undefined
218.9,221.54,215.72,216.96,Undefined
220.19,220.19,210.12,212.91,Undefined
221.82,227.67,221.82,226.45,Undefined
228.8,230.1,222.33,224.2,Undefined
227.37,227.37,222.67,223.72,Undefined
223.8,231.54,220.97,228.65,Undefined
228.33,229.96,224.9,226,Undefined
242.86,242.86,224.27,225.39,Undefined
228.3,236.07,227.89,232.54,Undefined
234.2,236.35,224.37,227.35,Undefined
235.66,235.66,227.12,228.66,Undefined
230.5,231.92,224.09,227.99,Undefined
222.39,224.53,191.66,207.21,Undefined
180.21,215.12,172.66,201.67,Undefined
214.12,222.86,205.22,219.25,Undefined
230.22,231.99,222.67,227.14,Undefined
231,235.9,222.01,223.07,Undefined
227.47,227.9,220.1,222.4,Undefined
224.47,224.47,211.7,218.46,Undefined
221.4,230.74,221,227.37,Undefined
226.4,227.4,221,222.85,Undefined
219.9,220.5,213.76,218.24,Undefined
220,221.9,212.33,215.53,Undefined
215.53,221.8,211.62,219.21,Undefined
226.69,226.69,200.17,205.1,Undefined
211.6,211.6,201.24,205.21,Undefined
207,213.9,205.1,211.74,Undefined
217.44,223.27,213.9,220.69,Undefined
231.5,233.97,222.54,225.37,Undefined
223.5,223.5,212.5,217.9,Undefined
214.9,215.2,210,211.38,Undefined
213.43,215.5,207.1,208.79,Undefined
209.07,209.6,199.63,203.91,Undefined
201,213.5,194.5,211.16,Undefined
200.1,205.24,190,192.22,Undefined
192.48,194,186.1,187.57,Undefined
185,186,175.55,183.98,Undefined
181,190.8,178.52,188.54,Undefined
186,193.6,185.01,189.45,Undefined
193,196,177.82,180.76,Undefined
176,177.88,168,169.6,Undefined
169.94,169.94,160.02,163.63,Undefined
164,165.5,158.1,159.26,Undefined
162.5,165,160.5,164.42,Undefined
166.5,175.49,166.5,173.9,Undefined
174.5,179.4,169.01,171.37,Undefined
170,172.1,162.63,164.66,Undefined
165.9,168.77,161.26,167.78,Undefined
167.4,169.5,159,160.02,Undefined
165.6,167,162.5,163.9,Undefined
163.9,165.02,159.15,160.17,Undefined
161.9,170,156.13,167.34,Undefined
167.8,170.16,165.1,169.35,Undefined
170.8,171.95,165.45,166.18,Undefined
168.9,169,164.03,166.71,Undefined
169,171,165.8,166.5,Undefined
167.49,174.8,166,174.1,Undefined
173.6,174.47,168,169.6,Undefined
169.94,171,167.5,168.17,Undefined
176,176.1,172.01,173.68,Undefined
173.5,180.7,173,179.55,Undefined
179.9,182.1,173,177.46,Undefined
179.99,184,179.99,182.24,Undefined
183.84,183.84,176.61,177.99,Undefined
177.2,178.39,173.5,175.74,Undefined
174,177.99,172.23,176.85,Undefined
174.5,175.99,172.34,173.33,Undefined
171.4,174.32,166.63,168.21,Undefined
165.1,167.79,165.1,166.07,Undefined
166.5,169,166.5,168.11,Undefined
168.11,171.4,168.11,170.63,Undefined
170,170.2,164.52,165.28,Undefined
163.96,167.73,162.1,166.2,Undefined
164.8,164.8,160,160.57,Undefined
161.8,162.47,156.43,157.33,Undefined
156.3,156.4,152.64,153.79,Undefined
155,157.47,146.5,147.44,Undefined
149.77,153.5,145.52,151.71,Undefined
152.22,153.99,145.22,146.12,Undefined
146.51,148.9,143.54,144.5,Undefined
142.7,149.8,137.63,139.49,Undefined
136.99,140.96,135.21,138.81,Undefined
137.5,139.7,132.5,133.13,Undefined
133.13,136.9,129.2,135.46,Undefined
136.32,138.19,132.8,133.52,Undefined
129,132.47,128.18,131,Undefined
127.2,134.94,123.67,133.96,Undefined
132.5,139.38,131.51,138.75,Undefined
138.51,139.87,134.51,135.05,Undefined
133,138.47,129,130.05,Undefined
130.5,132.5,124.11,124.89,Undefined
124.5,124.79,119.03,120.43,Undefined
122.45,124.29,119.8,120.68,Undefined
117,121.7,114.02,119.41,Undefined
120.13,120.13,115.01,116.12,Undefined
119.5,119.5,110.1,111.16,Undefined
111.5,113.38,101.1,102.53,Undefined
96.57,109.2,96.57,107.83,Undefined
109.9,113.98,107.5,112.49,Undefined
113,119.2,113,117.18,Undefined
116,122,109.5,120.76,Undefined
121.7,125.7,120,123.65,Undefined
124.44,125.9,119.5,122.08,Undefined
121.9,127.88,120.01,125.79,Undefined
125.5,125.5,115.24,118.18,Undefined
118.5,120.77,111.61,113.58,Undefined
117.5,126.4,116.3,123.15,Undefined
125,130.96,121.6,129.96,Undefined
130.95,136.5,129.11,135.26,Undefined
134.5,141.79,133.54,140.34,Undefined
145,154.98,144,154.33,Undefined
155.8,157.4,146.24,147.88,Undefined
142.5,150.8,142.27,144.4,Undefined
140.2,150.49,140.2,141.74,Undefined
139.8,141.87,130.6,131.87,Undefined
133,139.77,132.5,138.79,Undefined
139,143.09,134.3,141.73,Undefined
139.18,151.99,137,150.46,Undefined
151.05,158.6,147,157.84,Undefined
159.24,163.9,150.73,151.85,Undefined
154.37,154.37,147.51,151.78,Undefined
159.65,162.48,152.51,155.6,Undefined
144,147.77,142.51,145.51,Undefined
143.52,144.2,133.4,134.31,Undefined
137,139.68,135.24,135.71,Undefined
134.9,137.9,133.02,137.07,Undefined
136.46,138.9,131.81,133.1,Undefined
139,143.47,136.1,141.56,Undefined
142,154.8,142,152.3,Undefined
150.01,154.67,146.15,153.47,Undefined
156,161,156,159.18,Undefined
158.99,158.99,155.1,155.85,Undefined
154.1,158.37,153.5,156.66,Undefined
155.12,155.57,151.01,153.9,Undefined
155.98,156.4,148.8,151.35,Undefined
142,160,142,158.07,Undefined
160,160,151.16,153.08,Undefined
147,158.77,142.5,156.66,Undefined
159.8,162,154.63,156.57,Undefined
153,156.81,149.68,150.32,Undefined
152.01,152.74,146.8,149.5,Undefined
144.99,145.5,135.2,140.54,Undefined
138.5,148.5,135.5,146.34,Undefined
145.1,152.7,145.1,148.37,Undefined
147.26,147.8,142.12,143.35,Undefined
145.54,150.5,138.2,140.63,Undefined
137.47,138.5,130.1,131.83,Undefined
124.4,137.5,118.11,135.25,Undefined
137.8,153.2,136.4,149.57,Undefined
145.5,153.7,145.5,150.01,Undefined
145.5,155.89,141.6,154.05,Undefined
155.9,156.5,138.01,141.95,Undefined
145,150.49,142,148.76,Undefined
146,147.9,138.3,139.23,Undefined
136.6,139.7,131.4,132.63,Undefined
130,131.3,110,116.47,Undefined
114.96,118.97,98.5,105.28,Undefined
116,118.5,107.82,109.96,Undefined
115,117.7,106.55,110.97,Undefined
116.4,126.47,115.5,124.04,Undefined
123.01,133.44,122.36,132.07,Undefined
123.38,126.47,120,121.67,Undefined
120.1,125.99,118.56,124.88,Undefined
127,131.5,125.1,130.09,Undefined
121.02,123.29,114.63,117.88,Undefined
120.1,123.9,115.5,117.16,Undefined
114.1,115.39,109.7,110.85,Undefined
110.79,115.2,106.56,108.11,Undefined
104.9,113.68,102.13,108.71,Undefined
108.52,121,108.52,118.36,Undefined
120,122.23,111.63,114.74,Undefined
116.78,119,106,107.18,Undefined
108.4,111.5,104.3,110.5,Undefined
106.5,110.99,105.5,108.86,Undefined
109,112.63,104.8,105.61,Undefined
105,110.6,103.51,109.71,Undefined
116.8,120.9,112.03,113.42,Undefined
117.5,119.8,115,118.91,Undefined
116.5,123.2,113.64,121.68,Undefined
122,125.9,119.24,120.47,Undefined
124.01,126,119,120.17,Undefined
120.32,130.5,120.21,129.6,Undefined
126,129.6,125.27,128.57,Undefined
129.5,130.9,122.67,124.31,Undefined
124,127.65,120.56,127.18,Undefined
127.5,130.84,125.96,129.17,Undefined
130.8,130.8,127,128.88,Undefined
131.5,135,131.22,133.18,Undefined
135.4,137.76,134.8,136.08,Undefined
138.87,138.87,129.8,132.29,Undefined
132.5,134.96,122.01,124,Undefined
120.5,122.32,110.83,115.89,Undefined
114.5,118.63,114.04,117.49,Undefined
118,121.14,117.14,119.69,Undefined
117.5,117.5,113.2,114.72,Undefined
115.5,117.66,115.1,116.42,Undefined
116.3,118.3,113.91,114.64,Undefined
113.2,113.5,110.22,111.29,Undefined
110,110.98,107,108.12,Undefined
109.99,110.4,106.61,109.03,Undefined
107.95,111.1,103.11,104.15,Undefined
106,109.4,106,108.76,Undefined
109.24,111.77,106.54,111.25,Undefined
113,116.4,108.86,109.93,Undefined
109.49,115.9,107.68,115.1,Undefined
113.9,113.9,108.51,109.58,Undefined
106.62,113.3,106.62,109.23,Undefined
110.25,110.97,108.2,109.47,Undefined
111,112.4,110,111.86,Undefined
112.5,115.4,111.6,114.75,Undefined
114.68,117.66,114.5,115.92,Undefined
116.6,120.6,116.6,119.59,Undefined
118.06,119.19,112.76,113.68,Undefined
112.8,112.8,109.14,109.88,Undefined
109.8,110.5,106.5,107.09,Undefined
108.8,109.35,105.1,105.87,Undefined
105.06,105.06,99.61,102.78,Undefined
105.5,105.9,103,103.66,Undefined
103.9,105.5,101.5,102.31,Undefined
101.47,101.5,98.5,99.45,Undefined
99.5,100.7,96.85,97.43,Undefined
98.2,98.6,95.1,95.7,Undefined
96.99,97.8,92.3,93.43,Undefined
92.5,95.79,91.11,94.11,Undefined
93.2,93.95,89.15,89.53,Undefined
93.4,93.4,89.71,91.13,Undefined
99.1,99.79,94.65,95,Undefined
95.48,97.5,95.48,96.03,Undefined
95.8,97.6,93.6,96.87,Undefined
96.5,102.96,96.13,102.36,Undefined
103.9,105.95,102.22,105,Undefined
106.38,110.5,104.82,109.55,Undefined
110.5,113.4,108.54,112.43,Undefined
111.1,111.9,101.4,102.24,Undefined
103.21,108.5,99.51,106.71,Undefined
110.11,117,110.11,114.71,Undefined
117.55,119.4,110.83,112.47,Undefined
109,113.9,107.04,112.38,Undefined
116.08,123,115.5,121.79,Undefined
119.03,131,118.57,129.48,Undefined
130.5,132.09,125,126.08,Undefined
127.06,128.5,124.07,125.38,Undefined
126.49,127.8,122.3,123.14,Undefined
123.33,128.09,120.14,126.6,Undefined
127.46,132.5,125.9,131.12,Undefined
127.6,129.85,123,123.56,Undefined
124.5,129.2,124.2,127.86,Undefined
132.52,137.3,132.26,136.63,Undefined
137.5,138.6,133.57,134.52,Undefined
135.4,137.7,131.01,132.24,Undefined
137.87,137.87,133.5,136.95,Undefined
136.98,137.5,130.61,132.46,Undefined
134.5,137.4,124.71,125.82,Undefined
125,130,124,129.51,Undefined
130,131,125.5,126.14,Undefined
124.97,127.59,121.95,126.74,Undefined
126.7,132.49,126.7,131.35,Undefined
144.5,168.8,144.5,157.65,Undefined
164.8,184.38,150,175.4,Undefined
174,182,171.2,178.12,Undefined
176,177.9,170,171.22,Undefined
168.7,173.99,167.6,173.2,Undefined
173.68,174.27,169.5,172.24,Undefined
178,183.7,176.75,182.96,Undefined
183.1,189.21,182.7,186.88,Undefined
203.97,203.97,184.27,187.68,Undefined
191.5,192.99,185.8,187.96,Undefined
186.5,189.53,184.1,188.29,Undefined
182.9,183,168.43,169.6,Undefined
168.99,177.5,167.9,176.36,Undefined
176.5,176.5,168,169.35,Undefined
171,172.34,162.6,163.46,Undefined
161.64,172.2,159.9,171.43,Undefined
170.9,171.8,165.27,166.24,Undefined
173.1,176,168.6,169.54,Undefined
167.5,172.5,166.45,170.79,Undefined
173,174,170,170.4,Undefined
170.99,175.9,169,174.93,Undefined
178.3,178.31,173.31,174.53,Undefined
173.1,179.4,172.11,177.96,Undefined
178.5,179,173.23,175.95,Undefined
174.4,182.2,173.1,180.96,Undefined
180,183.99,163.32,165.35,Undefined
168,169.7,161.91,163.63,Undefined
162.99,162.99,156.65,158.07,Undefined
158.5,162.48,157.01,160.4,Undefined
160.9,161.8,153.1,154.37,Undefined
157,158.99,156.7,158.26,Undefined
159,164.78,158.6,163.7,Undefined
165.2,166,159.52,160.42,Undefined
162,168.3,161.7,167.4,Undefined
168,173.94,164.1,172.29,Undefined
172,174.7,168.32,169.39,Undefined
171,174,170.25,172.71,Undefined
174,174.49,169.11,169.86,Undefined
174.08,174.08,167.21,168.18,Undefined
166.1,174.4,165.01,172.28,Undefined
174.1,182.23,174,181.16,Undefined
182,186.4,180.1,184.71,Undefined
184.3,185.5,178.9,179.66,Undefined
177.07,180,172,174.33,Undefined
179.74,179.74,170,171.1,Undefined
171.6,175.5,170.57,172.93,Undefined
174,181,172.56,179.76,Undefined
177.26,178.15,170.55,171.35,Undefined
171.35,176,170.81,173.45,Undefined
173.6,174.74,167,169.11,Undefined
171,176.5,170.99,175.32,Undefined
174.6,178.31,172.04,177.59,Undefined
177.9,178.15,174.1,174.76,Undefined
177.27,177.27,173.32,173.97,Undefined
179.9,179.9,176,178.18,Undefined
176.5,177.38,173.6,174.29,Undefined
176.1,178.1,172.6,173.32,Undefined
175.23,177.4,174.31,176.24,Undefined
177.26,182.19,177.1,181.34,Undefined
183.5,190.99,181.8,189.4,Undefined
191.01,192.5,187.11,188.15,Undefined
192.9,196.45,191.06,195.65,Undefined
198.97,201.99,196.01,200.8,Undefined
204.99,209.9,201.5,208.67,Undefined
208.5,216.2,207.95,214.78,Undefined
214,218.5,213,217.07,Undefined
218.5,218.76,213.5,214.16,Undefined
212.1,217.79,211.49,216.73,Undefined
215,217.3,213,213.85,Undefined
214.13,216.7,208.5,209.2,Undefined
210,221.9,208.52,219.49,Undefined
221.5,221.5,211.18,213.32,Undefined
216.51,218.95,208.6,210.17,Undefined
212.13,212.99,204.7,206.76,Undefined
209.87,218.5,206.68,217.27,Undefined
218.53,228.6,217.5,227.24,Undefined
229.89,233.99,227.5,232.87,Undefined
233.4,247.4,231,244.63,Undefined
237.27,238.47,231.51,232.48,Undefined
230.26,237.97,227.26,235.46,Undefined
236.5,237.39,229.5,230.55,Undefined
229.5,233.9,218.49,220.27,Undefined
216.26,222.34,216.26,219.63,Undefined
221.5,229.9,218.05,219.1,Undefined
218.7,218.7,209,210.3,Undefined
213,218.5,205.74,217.13,Undefined
217.77,217.77,208.43,213.93,Undefined
216,222.6,215.5,220.5,Undefined
233.8,238.19,232.5,236.89,Undefined
236.5,238.45,233,237.82,Undefined
237,237.82,227.6,229.37,Undefined
227.6,233.3,226.26,229.99,Undefined
227.26,237.26,227.26,234.55,Undefined
235.98,236,229.66,235.07,Undefined
234.76,235.9,231.5,232.78,Undefined
232.9,232.91,227.01,228.13,Undefined
228.1,234.6,224.1,233.49,Undefined
234.7,234.7,230.59,232,Undefined
232,235,229.8,230.55,Undefined
230.4,234.4,230.03,232.21,Undefined
232.94,232.94,224.55,225.46,Undefined
228,229.22,221.85,223.96,Undefined
232.9,236.43,230.5,235.46,Undefined
231,232.5,226,226.65,Undefined
226.7,228.49,224.07,224.69,Undefined
226,226,217.5,218.05,Undefined
216.95,219,214.6,215.26,Undefined
215.12,217.85,212.52,216.62,Undefined
215.5,217.55,215.5,216.6,Undefined
217.1,221.5,217.1,221,Undefined
223.5,223.5,220.13,221.9,Undefined
223.5,228.37,222.9,226.9,Undefined
227.5,230,227.5,229.12,Undefined
230.8,231,228.01,229.21,Undefined
230.6,231,228.11,229.29,Undefined
229.4,230.39,228.01,228.6,Undefined
229.7,231.27,226.32,226.72,Undefined
226.7,227,219.62,220.32,Undefined
219.5,219.5,215.81,217.59,Undefined
218.8,219.9,214.55,215.74,Undefined
216.8,217.84,213.68,214.34,Undefined
217.5,218.3,214.28,215.64,Undefined
218.4,218.66,215.26,215.99,Undefined
215.9,216.13,211.23,212.41,Undefined
210.01,210.65,205.3,208.74,Undefined
205.55,213.7,205.55,209.16,Undefined
206,206.84,197.11,198.76,Undefined
210,210,199.1,200.32,Undefined
199,206.74,195.51,205.66,Undefined
203.02,204.52,197.41,197.84,Undefined
198.63,201.59,198.35,199.88,Undefined
199.6,199.67,194,194.79,Undefined
193,193,186.31,189.78,Undefined
190,194.78,188.37,193.65,Undefined
193.1,195.8,192.5,195.03,Undefined
197,197,189.5,191.18,Undefined
192.5,192.5,188.63,189.5,Undefined
191.4,192.5,189.5,192.06,Undefined
193.5,196.25,192.73,195.68,Undefined
195.79,196,192.73,194.24,Undefined
192.5,193.4,189.01,190.53,Undefined
190.6,193,190,192.13,Undefined
192.5,193,190.34,191.37,Undefined
192.5,203.2,191.5,197.43,Undefined
203.26,207.8,203.26,204.46,Undefined
205.02,205.02,202.64,203.73,Undefined
204.2,206.26,203.87,204.79,Undefined
203.95,204.48,201.11,201.51,Undefined
202.01,204.2,201.57,202.73,Undefined
204,206.59,203.33,205.85,Undefined
202.51,205.38,201,204.1,Undefined
205.49,207.8,204.51,207.29,Undefined
207.5,210.5,207.3,209.51,Undefined
209.51,212.2,207.5,208.26,Undefined
208.5,209.89,207.34,207.82,Undefined
208,210.8,207.53,210.26,Undefined
211.5,214.22,210.5,213.82,Undefined
214.39,214.77,211.21,212.35,Undefined
213.03,213.5,209.6,211.09,Undefined
210.5,210.98,208.76,209.59,Undefined
211.5,211.5,208,209.2,Undefined
209.66,210.9,204.8,205.4,Undefined
203.99,204.49,201.2,203.24,Undefined
204.24,210.66,202.1,209.84,Undefined
208.21,224.89,208.21,222.31,Undefined
223,229.4,221.1,226.06,Undefined
226.4,227.9,224.11,225.15,Undefined
225.2,225.5,220.91,221.78,Undefined
220.4,225.18,218.25,223.22,Undefined
224,228.5,223.5,227.4,Undefined
228,231.89,228,230.07,Undefined
230.5,231.59,227.31,228.01,Undefined
226,228.5,224.05,227.62,Undefined
228,232,226.23,231.16,Undefined
227.52,229.18,221.84,222.62,Undefined
225,232.51,224.21,230.79,Undefined
231.4,233.9,228.12,228.79,Undefined
229,233.9,228.2,232.42,Undefined
233.2,234.9,230.62,231.77,Undefined
231.5,233.39,221.16,222.43,Undefined
221,227.2,214.13,225.07,Undefined
224.79,229.8,223.13,228,Undefined
226,227.3,219,221.41,Undefined
222.2,228.2,222.11,226.75,Undefined
222.2,228,221.04,227.12,Undefined
228.2,231.1,222.29,223.12,Undefined
222,222,213.8,215.51,Undefined
217,224.8,215.73,221.94,Undefined
225.11,227.6,220.21,220.96,Undefined
221.22,226.7,221,225.82,Undefined
226.51,230.6,226.51,228.73,Undefined
229,234.8,227.9,234.07,Undefined
225.12,232,223.29,228.68,Undefined
226.6,233.8,226.6,232.68,Undefined
263.01,263.01,232.61,233.99,Undefined
234.99,237.43,232,236.42,Undefined
241.7,241.7,234.54,236.17,Undefined
234.99,237.99,234,237.26,Undefined
237.5,240.27,237.5,238.78,Undefined
237.5,239.4,235.01,235.46,Undefined
235.01,235.5,228.5,230.08,Undefined
228.8,231.45,227.5,230.37,Undefined
230.5,232.89,228.12,229.12,Undefined
227.98,231.2,227.5,230.2,Undefined
229.11,229.9,225.4,226.23,Undefined
227.3,231.9,226.84,231.28,Undefined
231.5,236.68,231.5,235.68,Undefined
237.51,241.2,237.01,240.07,Undefined
240.1,243.71,239.01,242.91,Undefined
243.7,247.9,243.7,246.45,Undefined
247.05,247.3,243.4,243.99,Undefined
243.9,246.3,242.6,245.52,Undefined
245.55,246.31,243.4,243.68,Undefined
242.71,248.74,241.77,247.63,Undefined
248.1,250.38,247.6,249.68,Undefined
249.8,250.24,240.21,241.01,Undefined
241.99,244.69,240.06,243.51,Undefined
243.46,247.8,242.32,247.13,Undefined
246.2,248.28,243.61,247.3,Undefined
